id,cluster,prob_cluster_0,prob_cluster_1
1.0,0,1.0,8.857785338497062e-17
2.0,1,2.3716147887862314e-06,0.9999976283852149
3.0,0,0.9999999999999432,7.788880940584984e-14
4.0,0,1.0,1.5470691575782572e-28
5.0,1,1.578790367196302e-24,1.0
6.0,0,1.0,1.1359732892899587e-15
7.0,0,1.0,4.534129019493311e-21
8.0,1,0.001248985141124088,0.9987510148588689
9.0,0,0.9999999956930878,4.30694056616944e-09
10.0,1,3.3485219388976037e-16,1.0
11.0,0,1.0,2.5118341714239116e-16
12.0,0,1.0,2.7567733285905842e-14
13.0,0,1.0,1.0796121932642793e-31
14.0,0,0.9999999999999716,2.85588400288387e-14
15.0,1,3.246556452930298e-06,0.9999967534435377
16.0,0,0.9999999999998295,1.6607905397158674e-13
17.0,0,0.9999920796526168,7.920347394078993e-06
18.0,1,1.5958803779366117e-21,1.0
19.0,0,1.0,8.924816812187358e-20
20.0,0,0.9947290913613461,0.005270908638648497
21.0,1,1.1585165862492045e-71,1.0
22.0,0,1.0,6.24633170470946e-17
23.0,1,2.0896325430871366e-30,1.0
24.0,1,0.10545878887623496,0.8945412111237548
25.0,0,0.9999997807531953,2.1924679575514393e-07
26.0,1,3.5068085552486977e-31,1.0
27.0,1,6.934033732411817e-12,0.9999999999930651
28.0,0,0.9999999998830162,1.1700536941351007e-10
29.0,0,1.0,8.418059165852806e-32
30.0,1,1.1980564905358702e-48,1.0
31.0,1,3.252313425175095e-17,1.0
32.0,0,0.9999999987252295,1.2747727336196717e-09
33.0,1,3.011419526618676e-16,1.0
34.0,1,5.265374101422809e-08,0.9999999473462835
35.0,0,1.0,1.5949888612778095e-24
36.0,0,0.999999999999801,1.9493575959671631e-13
37.0,0,1.0,3.607088224916409e-15
38.0,1,5.222107099850996e-29,1.0
39.0,1,8.392098819464081e-17,1.0
40.0,0,1.0,3.201773131619347e-17
41.0,1,8.79121202488437e-26,1.0
42.0,0,1.0,5.163014791870411e-35
43.0,1,1.6246985469247102e-27,1.0
44.0,1,8.418374694465714e-05,0.9999158162530681
45.0,0,0.9999998660349637,1.3396502972095018e-07
46.0,0,0.9999640554740894,3.594452593879982e-05
47.0,1,1.5712771058178157e-05,0.9999842872289663
48.0,0,1.0,5.322208759794468e-23
49.0,1,5.8669183073536734e-30,1.0
50.0,0,0.9999999890598872,1.0940124929579217e-08
51.0,0,0.9999999999993747,6.089502991820537e-13
52.0,0,1.0,1.3683870270606543e-15
53.0,0,1.0,7.739272801596304e-28
54.0,0,0.9999991626360252,8.373639807114672e-07
55.0,0,1.0,1.6652979915965763e-21
56.0,0,0.9999999960793957,3.9206122937291674e-09
57.0,1,0.030397659122502665,0.9696023408774763
58.0,0,1.0,3.7332476747615924e-16
59.0,0,0.9999999999992326,7.722723486327418e-13
60.0,0,0.9999999999969873,2.985535318855817e-12
61.0,1,1.0108329961135311e-22,1.0
62.0,0,0.9998967676378195,0.00010323236215341899
63.0,1,1.5271954016802006e-05,0.9999847280459765
64.0,0,0.9999999193748895,8.062511163584572e-08
65.0,0,1.0,3.36640036393518e-19
66.0,1,7.28157947195639e-23,1.0
67.0,0,1.0,6.909084892554965e-17
68.0,1,4.5310604396364354e-24,1.0
69.0,0,1.0,5.157302402067532e-28
70.0,1,2.7376291993297322e-11,0.9999999999726299
71.0,1,7.747354020137782e-10,0.999999999225281
72.0,1,0.4184085246693372,0.5815914753306602
73.0,0,1.0,9.563400038912506e-36
74.0,0,0.9999999996272209,3.7278507495324764e-10
75.0,0,0.9999999999987494,1.265545519410324e-12
76.0,0,1.0,1.524499468265994e-22
77.0,1,7.343222844266316e-45,1.0
78.0,1,3.7562167282704593e-13,0.9999999999996021
79.0,0,0.9995227978097747,0.0004772021902490061
80.0,0,1.0,1.555322054210178e-34
81.0,0,1.0,7.139118332528463e-20
82.0,1,8.097338802251034e-23,1.0
83.0,1,7.594615978028162e-37,1.0
84.0,0,1.0,2.3747503383304264e-28
85.0,1,8.973420695444587e-50,1.0
86.0,0,1.0,7.023198631407205e-24
87.0,0,0.9999998509869781,1.4901301259565334e-07
88.0,0,0.9999999999979536,2.071535278711683e-12
89.0,0,1.0,3.259087968337308e-21
90.0,0,1.0,8.472821624457265e-15
91.0,1,0.2675602110347866,0.7324397889651851
92.0,0,1.0,4.188851922505498e-15
93.0,1,0.0018502495940064744,0.998149750406002
94.0,0,1.0,1.3784873447883276e-37
95.0,0,0.9999999911666464,8.833357635624615e-09
96.0,0,1.0,9.650247551743449e-30
97.0,1,1.3840733475530423e-22,1.0
98.0,1,3.596236125573827e-10,0.9999999996403517
99.0,1,1.4248132330322034e-60,1.0
100.0,0,1.0,8.586988276838261e-16
101.0,0,1.0,2.6565840631120467e-15
102.0,1,1.398514505945201e-61,1.0
103.0,1,0.00010212571124832814,0.9998978742887353
104.0,0,1.0,1.0780216625203703e-24
105.0,0,0.9986800158589657,0.0013199841410116565
106.0,0,1.0,3.225286588191918e-22
107.0,0,1.0,9.022849838206172e-23
108.0,0,1.0,5.147582278755157e-16
109.0,1,1.9419475634043536e-45,1.0
110.0,1,9.29856987854539e-19,1.0
111.0,1,9.906660859014495e-19,1.0
112.0,1,3.783075256173723e-23,1.0
113.0,1,1.1647403334578795e-15,1.0
114.0,0,1.0,1.1307385949062816e-17
115.0,1,1.0209509994070736e-12,0.9999999999989768
116.0,1,1.0566632531226493e-66,1.0
117.0,1,2.433647184104966e-19,1.0
118.0,1,0.02126090812430114,0.9787390918756977
119.0,0,0.9999999672345444,3.2765458708264906e-08
120.0,0,0.9999998713700589,1.286299278595054e-07
121.0,1,1.851769202140281e-08,0.9999999814822901
122.0,1,3.297742343701104e-05,0.999967022576587
123.0,1,7.770723534760183e-18,1.0
124.0,1,1.4708386067716997e-16,1.0
125.0,0,0.9999984227113647,1.5772886554753337e-06
126.0,1,1.8436853975354875e-31,1.0
127.0,0,0.9999999999986926,1.3278897694489314e-12
128.0,0,1.0,2.369329248945554e-41
129.0,1,2.4741530448366438e-11,0.9999999999752731
130.0,0,1.0,7.793273169618782e-19
131.0,0,1.0,5.671976115354288e-30
132.0,1,3.010185506196007e-11,0.999999999969873
133.0,0,0.9999999997439204,2.560543826093451e-10
134.0,0,0.9999999950337042,4.966305960734985e-09
135.0,0,0.998206855387253,0.0017931446127566854
136.0,1,7.676131638862543e-102,1.0
137.0,0,1.0,1.5767498313091737e-31
138.0,0,0.6993168751486218,0.3006831248513989
139.0,0,1.0,2.6849140729810056e-28
140.0,0,1.0,3.104248929880429e-21
141.0,0,0.9999975139304732,2.4860695408675445e-06
142.0,1,3.049083052020153e-39,1.0
143.0,0,1.0,1.3606720715581505e-21
144.0,1,2.7077987410559893e-05,0.999972922012578
145.0,0,0.9999827433027492,1.7256697231082066e-05
146.0,0,1.0,2.87002835589114e-16
147.0,1,2.3466193455884163e-06,0.9999976533806567
148.0,1,9.58524061827204e-22,1.0
149.0,0,0.9999999467469266,5.3253080523905045e-08
150.0,0,1.0,2.4468080430304694e-31
151.0,0,1.0,9.878555054245355e-32
152.0,1,4.713719471092835e-15,1.0
153.0,0,0.99999984719899,1.5280102266862234e-07
154.0,1,8.342070472258975e-16,1.0
155.0,1,3.245876955868155e-26,1.0
156.0,1,1.2039980260238827e-15,1.0
157.0,0,0.9955109593533468,0.004489040646628113
158.0,0,0.9999999941442184,5.855753666140632e-09
159.0,1,0.00015228445625273902,0.9998477155437511
160.0,1,0.31197945559152856,0.6880205444084457
161.0,1,4.385664087890638e-63,1.0
162.0,0,1.0,5.553050664526462e-18
163.0,1,0.4232714607657725,0.5767285392342383
164.0,1,1.6643041772304917e-09,0.9999999983356815
165.0,0,1.0,7.061920413595259e-15
166.0,0,1.0,1.158541352374624e-19
167.0,1,1.259625560611589e-17,1.0
168.0,0,1.0,7.561888362348937e-16
169.0,0,0.9999999999729994,2.6991045657791282e-11
170.0,1,2.59794902343532e-34,1.0
171.0,1,1.4847329370853698e-32,1.0
172.0,1,1.486321089402757e-20,1.0
173.0,1,3.6421678582257914e-68,1.0
174.0,1,1.4136891931132928e-09,0.9999999985863042
175.0,1,7.222159549139923e-05,0.9999277784044845
176.0,1,1.0076872755420415e-16,1.0
177.0,0,0.9999999999999432,4.464913580835885e-14
178.0,0,1.0,2.985115314077226e-26
179.0,0,0.9999999999999432,4.0178527639040706e-14
180.0,1,0.0006684300778458619,0.9993315699221476
181.0,0,1.0,6.055568591274111e-37
182.0,0,1.0,8.70329490440394e-32
183.0,1,0.0009950133448559364,0.9990049866551473
184.0,0,0.9993639359154406,0.0006360640845712959
185.0,0,0.9999999999988631,1.1191247955723131e-12
186.0,0,1.0,2.7723816645964038e-24
187.0,0,0.9999999999988631,1.1169370245869965e-12
188.0,1,0.00461252260513947,0.9953874773948662
189.0,0,0.9999999999973284,2.6716125212200144e-12
190.0,1,9.925674495854534e-43,1.0
191.0,0,0.9998329526406867,0.00016704735933786911
192.0,1,4.5708705865645265e-43,1.0
193.0,0,0.9999999999868976,1.3101069105118237e-11
195.0,1,9.014408717723632e-54,1.0
196.0,0,1.0,2.778612622334474e-16
197.0,1,0.2177256077764067,0.7822743922235768
198.0,1,0.33583023998322686,0.664169760016765
199.0,0,0.9999999988928607,1.1071429850713957e-09
200.0,0,1.0,2.985928337426512e-20
201.0,0,0.9998247615079457,0.0001752384920618362
202.0,0,1.0,1.8379892419219932e-26
203.0,1,8.882190871740907e-12,0.9999999999911324
204.0,1,8.011354053722561e-12,0.9999999999919851
205.0,1,1.4541731965963755e-50,1.0
206.0,0,1.0,2.9098622597453826e-17
207.0,0,1.0,6.1039216407257235e-22
208.0,0,0.9999999999970157,2.9759130034969417e-12
209.0,1,1.4824027753171348e-10,0.9999999998517524
210.0,0,1.0,1.2803118284970254e-23
211.0,0,0.9994026427045175,0.0005973572954783092
212.0,1,2.540581308935514e-24,1.0
213.0,1,6.44503442808616e-17,1.0
214.0,0,1.0,1.5602775304133698e-28
215.0,1,1.2123056846848065e-46,1.0
216.0,0,0.9999999999999716,2.1194294275514034e-14
217.0,0,0.9999749833629021,2.501663712286503e-05
218.0,0,1.0,1.6073409230958027e-17
219.0,1,1.8504410734661905e-33,1.0
220.0,1,3.6508699981023083e-06,0.9999963491300288
221.0,1,0.0006283059072527477,0.9993716940927575
222.0,0,0.9999999999994884,5.208685141232261e-13
223.0,1,4.8154606739395e-08,0.999999951845383
224.0,0,0.9999999999895408,1.046431599472571e-11
225.0,1,1.1362702119866738e-25,1.0
226.0,0,1.0,5.9672746428912e-17
227.0,1,8.378076841154823e-05,0.999916219231587
228.0,1,8.831817684485534e-26,1.0
229.0,0,0.9719913333978434,0.028008666602163432
230.0,1,4.6893499392168866e-38,1.0
231.0,1,4.423924128049574e-31,1.0
232.0,1,2.495229789549024e-07,0.9999997504770333
233.0,1,5.759916551795802e-14,0.9999999999999432
234.0,0,1.0,9.072244910878493e-28
235.0,0,1.0,2.2492729285345123e-19
236.0,0,1.0,4.0315359576171577e-26
237.0,1,9.673270507801429e-11,0.9999999999032525
238.0,0,0.9999999999997158,2.9378941468587936e-13
239.0,0,1.0,2.612274505932593e-28
240.0,1,7.984002749848843e-34,1.0
241.0,0,1.0,8.45422048004135e-18
242.0,0,0.9999999966781843,3.321807189603131e-09
243.0,0,0.9999999996014708,3.9850108803724513e-10
244.0,1,1.0498311910720878e-26,1.0
245.0,1,5.607621230594163e-32,1.0
246.0,1,8.589987970699031e-20,1.0
247.0,0,0.9999999999997726,2.1251321163539356e-13
248.0,0,0.998203434546992,0.0017965654530030888
249.0,0,1.0,9.062177016970457e-19
250.0,0,0.9999717239255648,2.827607443798978e-05
251.0,0,0.9894824653951831,0.010517534604814777
252.0,1,2.305815067034983e-11,0.9999999999769216
253.0,1,1.6156609528996744e-07,0.9999998384339067
254.0,0,1.0,1.6467106462679036e-30
255.0,0,1.0,5.948191263804899e-21
256.0,0,1.0,4.03712445968554e-15
257.0,0,0.9999999907255415,9.274479388934004e-09
258.0,0,1.0,7.148387696016553e-30
259.0,1,7.7371324586392e-63,1.0
260.0,1,0.000978472584755351,0.9990215274152419
261.0,0,1.0,3.9088496382283115e-20
262.0,1,4.121154544331312e-37,1.0
263.0,1,2.7027518282579933e-08,0.9999999729724894
264.0,0,0.9999991882918263,8.117081915302972e-07
265.0,1,3.780945608679551e-06,0.9999962190544093
266.0,0,1.0,9.485245143487848e-15
267.0,1,2.384900295545078e-42,1.0
268.0,1,3.6991168863875755e-13,0.9999999999996021
269.0,0,0.9999966534694812,3.3465305061463656e-06
270.0,0,1.0,4.379140436003808e-28
271.0,0,1.0,1.1694071637872036e-29
272.0,0,0.9999999999999716,1.9391346319874578e-14
273.0,1,1.8451458389302234e-23,1.0
274.0,1,2.982531990592793e-05,0.9999701746801132
275.0,1,6.105422760540022e-14,0.9999999999999432
276.0,0,1.0,1.5053954629207737e-22
277.0,0,1.0,8.703778435638399e-26
278.0,0,1.0,2.996496815561176e-30
279.0,0,0.9999999999995453,4.455385963497122e-13
280.0,1,6.570272652335806e-30,1.0
281.0,1,0.174033714111522,0.8259662858884604
282.0,0,1.0,2.3312384181473668e-14
283.0,1,1.3754059078239575e-13,0.9999999999998863
284.0,0,1.0,4.800729079865827e-20
285.0,1,1.2334441820198992e-14,1.0
286.0,1,9.143244831480035e-15,1.0
287.0,0,0.9999893108910114,1.068910900020762e-05
288.0,0,0.9999999999993747,6.293044103971474e-13
289.0,0,1.0,8.344924486586742e-25
290.0,1,2.1833147300333535e-60,1.0
291.0,1,3.568200044603345e-14,0.9999999999999432
292.0,1,0.0008203060994004527,0.9991796939006183
293.0,0,0.999997275356992,2.7246430080141813e-06
294.0,1,3.883668949800269e-14,0.9999999999999432
295.0,1,0.004368142637223332,0.9956318573627775
296.0,0,1.0,3.099321094707717e-27
297.0,1,4.771439999768825e-22,1.0
298.0,1,0.0002135676472522696,0.9997864323527472
299.0,1,3.2925071777167204e-56,1.0
300.0,0,0.9989604965659987,0.0010395034340167494
301.0,0,1.0,8.221664727714517e-27
302.0,1,1.5568922331745308e-26,1.0
303.0,1,6.973958351913195e-07,0.9999993026041396
304.0,1,5.013909476451125e-39,1.0
305.0,0,0.6550975465621247,0.3449024534378533
306.0,1,3.506774127241376e-16,1.0
307.0,1,3.1185304115367525e-71,1.0
308.0,0,1.0,8.890445138888065e-31
309.0,1,3.3896867894616774e-12,0.9999999999965894
310.0,0,0.9998959423151472,0.00010405768487134003
311.0,0,1.0,8.541071217552142e-19
312.0,1,8.372864405580067e-59,1.0
313.0,0,0.999930354178945,6.964582108215354e-05
314.0,1,6.227225875952698e-07,0.9999993772774138
315.0,0,0.9255330317178805,0.07446696828214147
316.0,1,1.9312681230079797e-12,0.9999999999980673
317.0,0,1.0,1.1364973403374998e-21
318.0,1,8.746982402470328e-21,1.0
319.0,1,5.5536211270545204e-42,1.0
320.0,1,2.44718340550359e-18,1.0
321.0,1,1.6463357257782508e-31,1.0
322.0,1,1.0838086072158584e-43,1.0
323.0,0,1.0,9.53831726713017e-27
324.0,0,1.0,3.946377806086207e-30
325.0,0,1.0,3.9645902920703363e-16
326.0,1,2.4873090335653113e-17,1.0
327.0,1,3.8924338652594704e-25,1.0
328.0,0,1.0,3.523805533179159e-36
329.0,0,0.999999994411894,5.588085761088615e-09
330.0,1,5.791063277401068e-22,1.0
331.0,1,1.0004791428676407e-64,1.0
332.0,0,0.9999999999998863,1.2881078559963868e-13
333.0,0,0.9999999999991189,8.711080992318565e-13
334.0,1,4.4951883232830714e-14,0.9999999999999432
335.0,0,0.9999979958112324,2.004188758267959e-06
336.0,1,1.2319448933940154e-26,1.0
337.0,1,5.357087650099924e-29,1.0
338.0,0,0.9999999999996021,4.0247450839218663e-13
339.0,1,1.48184122520216e-17,1.0
340.0,1,2.0412712118310786e-25,1.0
341.0,0,1.0,6.885276933163455e-17
342.0,0,0.9999993397312797,6.602687249563666e-07
343.0,0,0.9999999999949409,5.0346835063459836e-12
344.0,1,1.8506795358902623e-41,1.0
345.0,0,1.0,3.422346493127466e-25
346.0,1,2.1848403816746073e-19,1.0
347.0,1,8.586351491193675e-51,1.0
348.0,1,7.0540281789035775e-65,1.0
349.0,0,0.9999999817724757,1.8227525729888407e-08
350.0,0,0.9999999999999147,7.93890421004469e-14
351.0,0,1.0,4.323638589932864e-18
352.0,1,7.884195651021724e-46,1.0
353.0,0,0.9999999375335183,6.246646928324736e-08
354.0,0,1.0,5.977298849540937e-27
355.0,1,1.2973597506727856e-43,1.0
356.0,0,1.0,2.912283093302607e-18
357.0,0,0.9999986976974309,1.3023025450793789e-06
358.0,1,5.3218693183135284e-30,1.0
359.0,0,0.999999999989285,1.0721405491655505e-11
360.0,0,1.0,4.484745981626978e-17
361.0,0,0.9999999409090794,5.9090926698142315e-08
362.0,0,1.0,8.750714292687364e-21
363.0,0,0.9999975254390768,2.47456094145095e-06
364.0,0,0.999989372312513,1.0627687466976375e-05
365.0,1,2.7843445616575836e-11,0.9999999999721467
366.0,0,0.9999999999998863,9.760219451473119e-14
367.0,0,0.9999999397145434,6.028544766907169e-08
368.0,0,0.9999999998768772,1.2314369669555435e-10
369.0,1,1.9949529605511454e-26,1.0
370.0,1,1.0999410431735703e-12,0.99999999999892
371.0,0,0.9999998370541182,1.6294586856607596e-07
372.0,1,7.468788316587243e-19,1.0
373.0,0,0.999999999734996,2.64981363772833e-10
374.0,0,1.0,1.9400722158604828e-33
375.0,1,2.9856362193250604e-29,1.0
376.0,1,5.170219539289807e-16,1.0
377.0,0,0.9999999924400527,7.559954307611491e-09
378.0,0,0.7229705841174213,0.2770294158825997
379.0,0,0.9999999527454417,4.725456710661632e-08
380.0,1,2.8308819445041588e-25,1.0
381.0,1,2.0025545967342414e-26,1.0
382.0,1,2.363951390950373e-05,0.9999763604861055
383.0,0,0.9999999999875513,1.2456745974861833e-11
384.0,0,1.0,1.5327658834108604e-29
385.0,0,1.0,1.574667021693418e-17
386.0,0,1.0,2.314257234814669e-20
387.0,1,8.855587396710035e-107,1.0
388.0,0,0.9999999957047407,4.295248012627704e-09
389.0,1,4.9900929412768484e-08,0.9999999500990965
390.0,0,0.9689189769621884,0.031081023037803232
391.0,0,1.0,2.3428607816326143e-18
392.0,0,0.8758091858598371,0.12419081414013833
393.0,0,1.0,1.0146257841341906e-20
394.0,0,1.0,2.074639744647131e-24
395.0,0,1.0,3.1018989681128083e-22
396.0,1,7.837359891637556e-19,1.0
397.0,0,1.0,3.124085993988442e-19
398.0,1,1.2091439300415174e-70,1.0
399.0,0,0.9999999999997726,2.1730132732195336e-13
400.0,1,5.035029564370438e-12,0.9999999999949694
401.0,1,1.5875019518429034e-33,1.0
402.0,0,1.0,7.180318241867682e-22
403.0,0,0.9999999952564167,4.74358590399828e-09
404.0,1,0.016073700701090293,0.9839262992989203
405.0,1,3.7797133684984345e-08,0.9999999622028646
406.0,0,0.9999999508344372,4.9165562356454266e-08
407.0,1,0.00013638261608626043,0.9998636173839159
408.0,0,1.0,4.824739788379693e-22
409.0,0,1.0,2.6478964375772294e-28
410.0,1,7.52059161589314e-07,0.9999992479408192
411.0,1,0.000661245641052014,0.9993387543589739
412.0,0,1.0,1.1344571544645287e-17
413.0,0,0.9999865132683086,1.3486731671932964e-05
414.0,1,1.0661049284944822e-11,0.9999999999893134
415.0,0,0.9999999742552749,2.574471878102039e-08
416.0,0,1.0,1.4675089738650697e-18
417.0,0,0.9895606595814237,0.010439340418576018
418.0,1,9.617269977358429e-27,1.0
419.0,0,1.0,1.0792488793221486e-23
420.0,0,0.982182732107588,0.017817267892401838
421.0,1,1.9711641610184733e-40,1.0
422.0,0,0.9999999930614649,6.9385633789394025e-09
423.0,0,0.9998982375190635,0.00010176248090880913
424.0,0,1.0,6.714856489477298e-29
425.0,0,1.0,2.2514014295148686e-26
426.0,1,4.3373314887717155e-15,1.0
427.0,0,0.9930959331730936,0.006904066826911509
428.0,0,0.9999872526801611,1.2747319844512466e-05
429.0,0,0.9999999884470299,1.155298702716493e-08
430.0,1,3.858811235750896e-11,0.9999999999614033
431.0,1,1.2266627974221213e-44,1.0
432.0,0,1.0,3.707593923265752e-18
433.0,1,6.140811695870692e-09,0.999999993859177
434.0,1,6.983390447854583e-35,1.0
435.0,0,0.9990616642676242,0.0009383357323747042
436.0,1,3.763207110371296e-11,0.9999999999623697
437.0,1,1.0117533302616349e-32,1.0
438.0,1,6.284791559080416e-42,1.0
439.0,1,1.9154583753559314e-28,1.0
440.0,0,1.0,6.156455139703427e-22
441.0,0,0.9999999999988916,1.1102568110504384e-12
442.0,1,1.2623907845338423e-28,1.0
443.0,0,0.9997038044697558,0.00029619553025024315
444.0,0,1.0,1.2584599952578708e-22
445.0,0,0.9876704750826835,0.012329524917308814
446.0,1,1.2584538780244017e-12,0.9999999999987494
447.0,1,0.04468101478532488,0.9553189852146773
448.0,0,1.0,2.361289213320811e-17
449.0,1,2.8345006076000446e-07,0.9999997165499341
450.0,0,0.9999999999997158,2.895775781349662e-13
451.0,1,2.9030252737267635e-07,0.9999997096974619
452.0,0,0.9980657276013962,0.001934272398624418
453.0,0,0.9999871546123928,1.2845387629975527e-05
454.0,0,0.9999999993485744,6.514497287707329e-10
455.0,0,1.0,5.990846164626964e-15
456.0,0,1.0,6.962121589725178e-20
457.0,0,0.9999999998734097,1.2660809124067565e-10
458.0,1,0.07774553234305537,0.9222544676569335
459.0,1,2.2359667808132834e-06,0.999997764033195
460.0,1,2.0575654815294324e-14,0.9999999999999716
461.0,0,0.9999525359109961,4.746408902220212e-05
462.0,1,4.750613475894149e-22,1.0
463.0,1,0.0003514772495278823,0.9996485227504817
464.0,0,0.9999999999999432,3.164625684278694e-14
465.0,1,0.4375964784741211,0.5624035215258758
466.0,1,6.690636826038666e-07,0.9999993309363013
467.0,0,1.0,9.349809728262753e-17
468.0,0,1.0,3.08053780949855e-25
469.0,0,0.9999989956272585,1.0043727483367063e-06
470.0,1,2.8742406005872793e-14,0.9999999999999432
471.0,1,4.8652995660704534e-20,1.0
472.0,0,0.9999827022373285,1.7297762679337935e-05
473.0,1,3.5648551651250446e-12,0.9999999999964473
474.0,0,0.9999999999932356,6.791525794356139e-12
475.0,0,0.9999999445184942,5.548150788830871e-08
476.0,0,1.0,1.5410452559589385e-22
477.0,1,3.2095936415004508e-21,1.0
478.0,0,0.9999999912560043,8.744003664052183e-09
479.0,0,0.9999999999993179,6.721308833273109e-13
480.0,1,1.1210437439428568e-08,0.9999999887895683
481.0,1,1.0390464941451172e-18,1.0
482.0,0,0.9999997068343734,2.931656486300751e-07
483.0,0,0.9999999999604086,3.9597875996649433e-11
484.0,0,0.9999971855981853,2.8144018164074194e-06
485.0,0,1.0,9.108136020538199e-29
486.0,1,8.365147061031936e-11,0.9999999999163265
487.0,0,0.9981832294903474,0.0018167705096784586
488.0,1,1.41983195500437e-20,1.0
489.0,1,4.7141904188083996e-23,1.0
490.0,1,3.649619284407976e-11,0.9999999999635065
491.0,0,1.0,4.396830277231095e-29
492.0,1,2.3991244399486615e-05,0.9999760087555918
493.0,1,1.2104322824800402e-39,1.0
494.0,0,0.9999999999961915,3.821071399481896e-12
495.0,1,1.2041548337700434e-17,1.0
496.0,0,0.9997988119045622,0.00020118809542069114
497.0,0,1.0,2.5836639962017994e-33
498.0,1,6.234479361288512e-06,0.9999937655206506
499.0,0,1.0,1.019501896395058e-25
500.0,0,0.9998077417102913,0.00019225828970750232
501.0,0,1.0,1.296818731216681e-22
502.0,0,1.0,1.0179383443203114e-15
503.0,1,4.8706826129371235e-05,0.9999512931738725
504.0,1,3.1011283098146355e-28,1.0
505.0,0,0.9999999999943725,5.637079969091275e-12
506.0,1,1.0238559297187143e-24,1.0
507.0,0,0.9999999923155087,7.68450351667353e-09
508.0,0,1.0,7.797652656928515e-21
509.0,1,6.918839766967264e-07,0.9999993081160148
510.0,1,0.006970186779273585,0.9930298132207281
511.0,1,7.261238440268778e-08,0.9999999273875941
512.0,0,0.9999999999999147,9.029803618049259e-14
513.0,1,2.7222117719331887e-13,0.9999999999997158
514.0,1,6.965051248583254e-35,1.0
515.0,1,5.152967651499473e-44,1.0
516.0,0,1.0,7.379356396742282e-22
517.0,0,1.0,1.6964144146695594e-28
518.0,0,0.9999999999994316,5.483915836383417e-13
519.0,0,0.9999999999630518,3.695440836921106e-11
520.0,0,1.0,1.783374910335797e-15
521.0,1,6.138514994604322e-27,1.0
522.0,0,1.0,3.72040997816057e-15
523.0,0,1.0,9.86734410532788e-17
524.0,1,1.855817397396936e-12,0.9999999999981242
525.0,0,0.9999999293489192,7.065108818642544e-08
526.0,0,1.0,2.7706635051453198e-18
527.0,0,0.9999999439593823,5.604061149316579e-08
528.0,1,2.452968121845293e-18,1.0
529.0,0,0.9999987427165652,1.2572834359280436e-06
530.0,0,1.0,7.424428346238382e-17
531.0,1,1.3032736239259943e-46,1.0
532.0,0,1.0,4.839521628474668e-20
533.0,0,0.9999999999997158,2.8112315599476795e-13
534.0,0,0.9986846003186142,0.001315399681398992
535.0,1,1.3470592338496505e-59,1.0
536.0,1,0.09995373579005032,0.9000462642099706
537.0,1,0.002198547953134166,0.9978014520468942
538.0,1,2.456375530771157e-15,1.0
539.0,1,4.053751980282256e-24,1.0
540.0,1,0.0008566712371823753,0.9991433287627944
541.0,0,1.0,3.338006027784226e-30
542.0,0,0.99999999416724,5.832785297398044e-09
543.0,1,1.051203619747245e-136,1.0
544.0,0,0.7847245513139457,0.21527544868605186
545.0,1,4.868966198281966e-12,0.9999999999951115
546.0,1,0.00016696549358078316,0.9998330345064329
547.0,1,3.5128798620089246e-07,0.9999996487119964
548.0,1,0.027228614628694404,0.9727713853712805
549.0,0,0.9999884413009111,1.1558699080570176e-05
550.0,1,9.950295647675051e-18,1.0
551.0,1,2.2311193874514367e-09,0.9999999977688958
552.0,1,6.270003700034503e-19,1.0
553.0,0,1.0,1.2816783526267272e-24
554.0,0,1.0,8.408796583697061e-16
555.0,1,6.569746239189544e-06,0.9999934302537471
556.0,1,1.639118143370648e-40,1.0
557.0,1,0.006897652769411092,0.9931023472305913
558.0,1,1.0929602746015424e-05,0.9999890703972628
559.0,0,1.0,1.7918338367285574e-17
560.0,1,2.933950579350624e-31,1.0
561.0,1,2.011937568041001e-10,0.9999999997988027
562.0,1,1.8839649724500805e-31,1.0
563.0,0,1.0,5.341784970087292e-21
564.0,1,5.480821986366304e-20,1.0
565.0,0,0.9999846161885966,1.538381140825046e-05
566.0,1,1.0063074170609543e-57,1.0
567.0,1,1.5843117466835623e-05,0.9999841568825264
568.0,1,2.912003992577369e-14,0.9999999999999432
569.0,1,1.7207937039567905e-44,1.0
570.0,0,0.9999998286766218,1.7132336355238552e-07
571.0,0,0.9972518396576413,0.002748160342335216
572.0,1,3.846186755278965e-19,1.0
573.0,1,1.9117107377567938e-26,1.0
574.0,0,1.0,1.308067795150225e-16
575.0,0,1.0,4.0663121705952885e-19
576.0,1,0.0004682421912750542,0.9995317578087236
577.0,1,2.259642204344711e-22,1.0
578.0,0,1.0,2.9503537831942268e-30
579.0,0,0.9999936500417833,6.34995823388472e-06
580.0,0,1.0,6.818929617256777e-16
581.0,0,0.9993292855274489,0.0006707144725631077
582.0,1,0.16754791207815695,0.8324520879218493
583.0,0,0.9999999999968736,3.1305136764359862e-12
584.0,0,0.9999999999998295,1.7240472522234867e-13
585.0,0,1.0,2.9553855338339176e-24
586.0,1,3.237507272047877e-23,1.0
587.0,1,3.966774725018064e-53,1.0
588.0,0,1.0,1.739151231405963e-33
589.0,0,1.0,2.9340105031954967e-32
590.0,1,4.869866820288201e-36,1.0
591.0,0,1.0,3.925138071877665e-22
592.0,1,1.6458472277724216e-05,0.9999835415277245
593.0,1,1.2680549866599403e-08,0.9999999873194271
594.0,1,2.2054766141922234e-10,0.9999999997794475
595.0,1,4.923244524318999e-35,1.0
596.0,1,3.84070581912777e-71,1.0
597.0,0,1.0,1.4646735171163003e-38
598.0,0,0.9463353819132363,0.05366461808675885
599.0,1,0.0022582586672296205,0.9977417413327904
600.0,1,2.5260727849610502e-14,1.0
601.0,1,8.031293083275182e-05,0.9999196870691835
602.0,1,1.6740757392502927e-14,1.0
603.0,0,1.0,7.73725602245101e-16
604.0,0,0.9999939898488454,6.010151163592183e-06
605.0,0,1.0,3.695451617941066e-18
606.0,0,0.9999998650994633,1.3490054702304975e-07
607.0,1,1.9301875755945808e-25,1.0
608.0,0,1.0,4.1711629498697817e-22
609.0,0,0.9999677226073931,3.227739258305565e-05
610.0,0,0.9967239147415746,0.003276085258427518
611.0,0,0.9999934131160239,6.5868839783756325e-06
612.0,0,0.999999999997442,2.582473254092667e-12
613.0,0,0.9999990873455616,9.126544508130392e-07
614.0,0,1.0,1.7486972287453476e-15
615.0,0,0.9999999999917009,8.298017759581549e-12
616.0,1,4.536830892842832e-28,1.0
617.0,0,0.9988843524164794,0.0011156475835302857
618.0,1,2.4000090406263456e-41,1.0
619.0,1,7.251401221605344e-15,1.0
620.0,1,1.9220627004291155e-29,1.0
621.0,1,3.0802195078106386e-34,1.0
622.0,1,1.516084615724068e-66,1.0
623.0,1,7.599088704887666e-20,1.0
624.0,0,0.9999999999996589,3.616067076289829e-13
625.0,0,1.0,7.174384027727166e-19
626.0,0,1.0,1.2981365140158454e-17
627.0,0,0.9196635925516636,0.08033640744831756
628.0,1,1.533532099524355e-16,1.0
629.0,1,1.571947183337522e-09,0.9999999984280521
630.0,0,1.0,1.9527992074186963e-18
631.0,0,0.999999999880913,1.1910634991608818e-10
632.0,1,1.1843583880211477e-11,0.9999999999881766
633.0,0,0.9993752859915848,0.0006247140083951411
634.0,1,3.490460677777549e-51,1.0
635.0,0,0.999999999911438,8.857548582256389e-11
636.0,1,1.691478807261834e-08,0.9999999830852176
637.0,1,5.970598697180553e-20,1.0
638.0,1,2.594160440184312e-06,0.9999974058395762
639.0,0,1.0,1.0593341701291548e-16
640.0,0,1.0,1.5066656353020757e-18
641.0,1,0.0020656385843794175,0.9979343614155946
642.0,1,0.009257050145059339,0.9907429498549617
643.0,0,0.999999999210786,7.891928757754783e-10
644.0,0,0.9999990449775863,9.55022411351432e-07
645.0,0,0.9999999999999716,2.7178602430714277e-14
646.0,1,6.100755698710399e-18,1.0
647.0,0,1.0,1.090001462828118e-22
648.0,1,1.0658060976185476e-11,0.9999999999893419
649.0,0,0.9999997884749173,2.1152508181083694e-07
650.0,0,0.9999999999834017,1.6606625272117398e-11
651.0,0,0.9999999999997726,2.327969197325578e-13
652.0,0,1.0,2.6428012996781466e-18
653.0,0,1.0,2.1273857901223794e-21
654.0,1,2.2478485664519873e-36,1.0
655.0,1,6.689718948413532e-15,1.0
656.0,0,1.0,3.705951474333324e-18
657.0,1,3.635631122841373e-40,1.0
658.0,0,0.9999999999999432,3.1641102783412585e-14
659.0,0,0.9999999999888018,1.1208686157318007e-11
660.0,0,1.0,1.5666566618238364e-23
661.0,1,3.3339753393248676e-151,1.0
662.0,0,1.0,7.198385220270232e-17
663.0,1,3.5307715438599665e-07,0.9999996469228504
664.0,0,1.0,1.4078020488356168e-29
665.0,0,1.0,1.8854212390047284e-21
666.0,1,3.429892547245002e-19,1.0
667.0,1,3.1153326351942903e-08,0.9999999688466805
668.0,1,2.404467866089986e-114,1.0
669.0,0,1.0,6.843738558954321e-19
670.0,0,1.0,1.8437404020467914e-28
671.0,0,0.9999934209736653,6.579026338865504e-06
672.0,0,1.0,8.052863458715991e-26
673.0,0,1.0,2.8356319574002903e-25
674.0,0,0.9997065978220909,0.0002934021779044953
675.0,0,0.9998685352737183,0.00013146472625844832
676.0,0,0.9999836576410088,1.6342358966943017e-05
677.0,1,1.785998364257786e-55,1.0
678.0,0,1.0,1.211333099907117e-20
679.0,0,1.0,2.7069317811115493e-31
680.0,0,0.9998292563227972,0.00017074367719023577
681.0,0,1.0,9.571453071999631e-31
682.0,0,0.9999999987468868,1.2531354719634192e-09
683.0,0,0.8722509737101061,0.12774902628989607
684.0,1,8.757049614908008e-23,1.0
685.0,1,2.5120635499656015e-33,1.0
686.0,0,1.0,6.834962229758094e-23
687.0,0,1.0,4.694075711979686e-19
688.0,1,1.66213819931694e-28,1.0
689.0,0,1.0,9.976266879053104e-27
690.0,0,0.9999999999602665,3.970531565142724e-11
691.0,1,3.214912788962684e-18,1.0
692.0,0,1.0,1.464154316299647e-20
693.0,1,1.3021401371396644e-05,0.999986978598625
694.0,0,1.0,7.979701052151536e-20
695.0,0,0.9999922067749326,7.793225062959946e-06
696.0,1,3.4743398898535683e-40,1.0
697.0,0,0.9999999827767853,1.7223234295995736e-08
698.0,1,2.2498568167725454e-20,1.0
699.0,0,0.9999999982791223,1.7208647963080657e-09
700.0,1,5.616173274875452e-29,1.0
701.0,1,3.494588435386494e-132,1.0
702.0,0,1.0,3.301036743062834e-33
703.0,1,2.19431152993646e-08,0.9999999780568773
704.0,1,0.0020107585248564947,0.9979892414751698
705.0,0,0.9991309743159099,0.0008690256840959107
706.0,0,0.9993539514502524,0.0006460485497464156
707.0,1,2.2602315006348437e-17,1.0
708.0,1,7.854165856019241e-36,1.0
709.0,0,0.9999433629046067,5.6637095406297256e-05
710.0,0,0.998474893841744,0.0015251061582396517
711.0,1,9.825381954515844e-267,1.0
712.0,0,1.0,1.0659317368007938e-36
713.0,0,0.9999999999872387,1.2764422731566699e-11
714.0,1,1.9641957653567426e-28,1.0
715.0,0,0.9999999999899671,1.004345457284118e-11
716.0,1,2.529762092056526e-49,1.0
717.0,0,0.985477243748178,0.014522756251838572
718.0,1,2.6059851266536627e-14,1.0
719.0,1,2.4135030645971006e-06,0.9999975864969449
720.0,1,2.2309472370793666e-30,1.0
721.0,1,3.8205359366783208e-34,1.0
722.0,0,0.9999976672485141,2.332751501158729e-06
723.0,1,9.560991822892184e-16,1.0
724.0,0,0.9999999618677016,3.8132286046872996e-08
725.0,0,1.0,5.1939114550524407e-23
726.0,1,1.2570382845143012e-20,1.0
727.0,0,1.0,3.6025198443912324e-20
728.0,1,1.0071274034799022e-16,1.0
729.0,1,5.110281783305299e-44,1.0
730.0,0,0.9999999996126689,3.873121662632492e-10
731.0,1,7.700758865446739e-91,1.0
732.0,1,1.8967233231666227e-53,1.0
733.0,1,1.385433976112508e-19,1.0
734.0,0,0.9999717528748724,2.824712515478231e-05
735.0,0,0.9999999999899387,1.0061633431763062e-11
736.0,1,0.00012573062118411782,0.9998742693788335
737.0,1,9.41176676354761e-14,0.9999999999998863
738.0,0,0.9999999999994316,5.67826419908005e-13
739.0,0,0.9999999998405542,1.5946285227416193e-10
740.0,1,1.4648190559608428e-24,1.0
741.0,0,0.9999994759022522,5.240977603718663e-07
742.0,0,0.999282874359573,0.0007171256404142228
743.0,0,0.9999993498813192,6.50118667719817e-07
744.0,1,1.0703736682535931e-09,0.9999999989296384
745.0,1,6.932859753921314e-19,1.0
746.0,0,0.9999998842472517,1.1575277363877126e-07
747.0,1,2.4714623331634795e-34,1.0
748.0,1,7.647857114943242e-23,1.0
749.0,1,1.6718257912776181e-167,1.0
750.0,1,3.619816569321917e-05,0.9999638018343183
751.0,1,1.0270544673895157e-100,1.0
752.0,0,0.9999987055624466,1.2944375698390222e-06
753.0,1,1.3949051672559222e-13,0.9999999999998863
754.0,1,1.5290253095836297e-08,0.9999999847097457
755.0,0,1.0,1.2800146827110192e-28
756.0,0,1.0,6.045800211662775e-16
757.0,1,8.8667595880189e-28,1.0
758.0,1,3.1936268930328777e-44,1.0
759.0,0,1.0,4.309783740489443e-19
760.0,1,3.947487524415569e-07,0.9999996052512399
761.0,1,2.395501766845552e-11,0.9999999999760689
762.0,1,6.594475321879309e-32,1.0
763.0,0,1.0,3.794094625848409e-27
764.0,1,8.525298023400137e-11,0.9999999999147349
765.0,1,5.6113813460485225e-21,1.0
766.0,1,1.371793882952195e-16,1.0
767.0,1,2.5064964829173198e-11,0.999999999974932
768.0,1,3.9305581128307906e-28,1.0
769.0,1,8.845033503148646e-41,1.0
770.0,0,0.9893617217915582,0.010638278208433917
771.0,0,1.0,8.1372479968525e-16
772.0,1,2.3150187297085196e-63,1.0
773.0,1,3.073548628734941e-31,1.0
774.0,0,0.9999999983826342,1.6173763662650258e-09
775.0,1,5.088953692700028e-100,1.0
776.0,0,0.9999999999975273,2.4741714733840205e-12
777.0,0,1.0,3.719976801990078e-17
778.0,1,7.105035270795989e-51,1.0
779.0,1,4.8107689946402806e-58,1.0
780.0,1,1.1437582414944334e-11,0.9999999999885745
781.0,0,0.9999999999973284,2.675985063477673e-12
782.0,1,9.835887990334742e-27,1.0
783.0,1,0.0002649589806419187,0.9997350410193643
784.0,0,0.9999842050130204,1.5794986959250493e-05
785.0,1,8.986078746515748e-30,1.0
786.0,1,6.137983546672459e-20,1.0
787.0,1,1.7975691212993872e-16,1.0
788.0,1,7.550068420292399e-31,1.0
789.0,1,5.635940949386599e-20,1.0
790.0,1,1.1993487011664133e-28,1.0
791.0,0,1.0,2.733345848455782e-26
792.0,1,1.819621099466763e-16,1.0
793.0,0,0.9234381479916731,0.07656185200832842
794.0,1,4.2505939365661975e-22,1.0
795.0,1,6.121835477840044e-13,0.9999999999993747
796.0,1,4.1419702785184534e-55,1.0
797.0,0,0.9999999999999716,2.9836770483978115e-14
798.0,0,0.9980510055321296,0.001948994467860823
799.0,0,1.0,2.5002388005878488e-17
800.0,0,0.9999999999998863,1.3945752358082363e-13
801.0,1,4.091675168332381e-14,0.9999999999999432
802.0,1,0.00014658217557115467,0.9998534178244123
803.0,0,1.0,3.6117924493130345e-15
804.0,0,0.9999990495146532,9.504853311429588e-07
805.0,1,2.3549236627279208e-14,1.0
806.0,1,4.1578207134711166e-10,0.9999999995841904
807.0,0,1.0,3.190386341438219e-25
808.0,0,1.0,6.657726190004123e-25
809.0,0,1.0,5.1742444654872526e-18
810.0,1,4.2062443490658124e-75,1.0
811.0,0,0.999999960241042,3.975893028840521e-08
812.0,0,0.9994346717109436,0.0005653282890652403
813.0,1,1.605022386065668e-23,1.0
814.0,1,1.1718762346610454e-89,1.0
815.0,1,8.438725318416458e-50,1.0
816.0,0,1.0,6.7435643441716e-29
817.0,1,0.00011513447726789095,0.9998848655227164
818.0,1,6.213873734049626e-64,1.0
819.0,0,0.999999911283798,8.871622773215982e-08
820.0,1,4.4228412132542813e-07,0.9999995577158939
821.0,1,1.8676227870887351e-28,1.0
822.0,1,2.1356890403484408e-06,0.9999978643109626
823.0,1,3.3216661799394006e-07,0.999999667833377
824.0,0,1.0,2.3742592947571956e-18
825.0,1,1.4448972293498295e-19,1.0
826.0,0,1.0,3.382799143762256e-15
827.0,0,0.9999999999826912,1.730900935977566e-11
828.0,0,1.0,4.5567068587218436e-20
829.0,1,2.512573321293169e-15,1.0
830.0,0,1.0,8.144701462776223e-25
831.0,0,0.9999999999998295,1.4420704852649581e-13
832.0,0,0.9999999986163175,1.3836625276913173e-09
833.0,0,0.9999999998768203,1.2317090929945657e-10
834.0,1,1.3897038549938435e-06,0.9999986102961309
835.0,1,9.429139289971815e-50,1.0
836.0,1,5.7347656128330634e-05,0.9999426523438779
837.0,0,1.0,1.709253845619254e-16
838.0,0,1.0,5.539802767131743e-15
839.0,0,1.0,2.1154468599439438e-32
840.0,0,1.0,2.4752761575963807e-17
841.0,1,8.758738515711639e-42,1.0
842.0,0,1.0,1.5614442339208172e-15
843.0,0,0.9994859112578719,0.0005140887421553819
844.0,1,6.926642340880876e-49,1.0
845.0,0,1.0,1.2013519084862045e-22
846.0,1,3.6264349804313103e-07,0.9999996373565043
847.0,0,1.0,7.211555466682432e-19
848.0,1,1.9397611303490325e-19,1.0
849.0,0,0.9999977112315195,2.2887684655279364e-06
850.0,1,7.800361914617273e-22,1.0
851.0,1,0.002719268097664803,0.997280731902341
852.0,1,2.1470957820362744e-27,1.0
853.0,0,1.0,5.8805607702606455e-24
854.0,0,0.9999998327808297,1.672191656299157e-07
855.0,0,1.0,8.743428011847184e-17
856.0,0,0.999999999999801,1.9368581411806334e-13
857.0,1,0.026276561569371488,0.9737234384306532
858.0,0,0.9911010980361786,0.008898901963845967
859.0,0,1.0,2.3835711958068485e-22
860.0,0,1.0,1.4884694680228888e-26
861.0,1,2.706550946019815e-41,1.0
862.0,1,6.917680155462309e-06,0.9999930823198573
863.0,1,5.762251275344525e-05,0.9999423774872448
864.0,1,6.432426396267908e-41,1.0
865.0,0,0.9999993444136396,6.555863680237648e-07
866.0,0,0.999999981338931,1.866106875392763e-08
867.0,1,9.567725257664285e-54,1.0
868.0,0,1.0,5.788463347567733e-35
869.0,1,9.524474839246027e-06,0.9999904755251775
870.0,1,1.4652601241543823e-43,1.0
871.0,0,0.9987307963360138,0.0012692036640132105
872.0,0,1.0,4.355750600563496e-19
873.0,1,2.8519545438771327e-28,1.0
874.0,1,1.3835237752546351e-14,1.0
875.0,0,1.0,1.3481480630944492e-19
876.0,0,1.0,1.44698048338564e-14
877.0,0,0.9999999999986358,1.3770015870972432e-12
878.0,0,0.9999999959221668,4.0778301969916134e-09
879.0,1,0.0864143394504426,0.9135856605495836
880.0,0,1.0,1.8664255184712923e-17
881.0,1,7.994935917412664e-15,1.0
882.0,0,1.0,1.5883370122131356e-32
883.0,0,1.0,3.6838700199500594e-24
884.0,0,0.9999922327163903,7.767283604009169e-06
885.0,1,7.869101504518296e-212,1.0
886.0,1,1.158408084092554e-12,0.9999999999988631
887.0,1,4.41319487547577e-16,1.0
888.0,0,1.0,2.1136730114637313e-35
889.0,0,1.0,3.046445406397839e-18
890.0,1,1.322532295375139e-33,1.0
891.0,1,2.4426541379856267e-15,1.0
892.0,0,1.0,5.449689098970778e-26
893.0,1,2.1365124935778714e-21,1.0
894.0,1,0.002152857870422541,0.9978471421295716
895.0,1,4.729973928926156e-16,1.0
896.0,0,0.9999995627670547,4.3723295116900977e-07
897.0,1,1.0049844360042615e-10,0.9999999998995008
898.0,1,1.2033976279524333e-38,1.0
899.0,0,1.0,2.678987880788806e-32
900.0,1,2.806792224731854e-27,1.0
901.0,0,1.0,8.204309222866737e-27
902.0,0,0.9942448905338402,0.005755109466168046
903.0,0,1.0,1.6639951914834498e-21
904.0,0,1.0,2.385861974679702e-28
905.0,0,1.0,9.451517011758561e-34
906.0,1,3.558561012450474e-27,1.0
907.0,1,1.5970709078826005e-09,0.9999999984029273
908.0,0,1.0,6.122031458168415e-20
909.0,0,0.9990021639473007,0.0009978360527102906
910.0,0,0.9999885996078448,1.1400392150677724e-05
911.0,0,0.9999999771453079,2.2854702228329e-08
912.0,0,1.0,7.059008197227708e-22
913.0,1,1.3361789494546335e-06,0.9999986638210716
914.0,0,0.9951654237842746,0.0048345762157068345
915.0,0,1.0,9.875461557516752e-23
916.0,1,8.098201808460252e-06,0.9999919017981743
917.0,1,3.0851185836295227e-47,1.0
918.0,1,6.891724863656602e-12,0.999999999993122
919.0,0,1.0,8.53867350101557e-40
920.0,1,7.038832080340367e-148,1.0
921.0,0,0.9999994462746825,5.537253210831417e-07
922.0,0,0.996604755776122,0.0033952442238833944
923.0,1,5.944551221743211e-34,1.0
924.0,0,0.9994035124434022,0.0005964875565748925
925.0,0,1.0,9.285259391575429e-24
926.0,0,0.9921945680007138,0.00780543199930536
927.0,1,2.1735750855053103e-42,1.0
928.0,0,0.89600180821279,0.10399819178723252
929.0,0,1.0,1.4539419644656297e-19
930.0,1,1.9257142071910662e-07,0.9999998074285558
931.0,0,0.999999999998181,1.7909863259872842e-12
932.0,1,1.9465972167896825e-35,1.0
933.0,1,8.751256662436437e-50,1.0
934.0,1,2.2345730840763936e-10,0.9999999997765485
935.0,0,1.0,6.547287184949399e-34
936.0,1,5.164588566983956e-53,1.0
937.0,1,3.4259731770243038e-87,1.0
938.0,1,1.0795450132512944e-38,1.0
939.0,0,1.0,1.695502959833429e-17
940.0,0,0.9999993938556732,6.061443134001118e-07
941.0,0,0.9999999533100106,4.668998047026133e-08
942.0,1,4.202052916148655e-19,1.0
943.0,0,1.0,1.7789737029644298e-29
944.0,1,1.373709902869447e-63,1.0
945.0,0,1.0,3.67515073726126e-35
946.0,1,0.48945787375346117,0.5105421262465601
947.0,0,1.0,8.956708959661094e-20
948.0,0,0.9999999999984084,1.6199127650604807e-12
949.0,1,2.2042222157531586e-06,0.9999977957777865
950.0,0,1.0,2.7379484018242107e-28
951.0,0,0.9999364549279857,6.354507203796042e-05
952.0,1,1.6747337824311604e-54,1.0
953.0,1,2.059649992212198e-66,1.0
954.0,0,1.0,6.305396935020111e-19
955.0,0,1.0,5.011131639618782e-25
956.0,1,1.9424126694136467e-21,1.0
957.0,0,1.0,1.5840448239482788e-14
958.0,1,4.828461448330526e-08,0.9999999517153821
959.0,1,4.572390415225686e-27,1.0
960.0,0,0.9999999958509989,4.1490013018820915e-09
961.0,0,0.999999999993463,6.533164204628228e-12
962.0,1,2.595675314543899e-09,0.9999999974043021
963.0,1,6.142609463091114e-14,0.9999999999999432
964.0,0,1.0,4.859181391836273e-17
965.0,1,2.98554267122836e-08,0.9999999701445863
966.0,0,0.9997556174033877,0.0002443825966085263
967.0,0,1.0,5.94194244795989e-29
968.0,0,1.0,2.2666656222836066e-17
969.0,1,2.4876208992267818e-09,0.9999999975123615
970.0,1,1.5242461450772598e-59,1.0
971.0,0,1.0,1.0085103364377437e-34
972.0,0,1.0,1.654399823064671e-24
973.0,0,0.9986707884546431,0.0013292115453287707
974.0,0,1.0,2.972220933940119e-19
975.0,0,1.0,1.6389994928638316e-34
976.0,1,0.09667103806971841,0.9033289619302651
977.0,1,4.417209530397681e-34,1.0
978.0,0,0.9999999972868636,2.7131279606932883e-09
979.0,0,0.9914918346245318,0.008508165375465724
980.0,0,0.9999999999934062,6.593238858257829e-12
981.0,0,0.9999999998411795,1.5883027630550738e-10
982.0,1,8.11163105295268e-22,1.0
983.0,0,1.0,4.714952203651777e-19
984.0,1,1.1229964671656475e-10,0.9999999998876774
985.0,1,9.104157444946702e-20,1.0
986.0,1,8.666989894545591e-17,1.0
987.0,1,2.3692754988243487e-19,1.0
988.0,1,1.795180498746082e-05,0.9999820481950068
989.0,0,1.0,6.943303461365449e-16
990.0,1,4.586481462212073e-08,0.9999999541352064
991.0,0,1.0,9.16104756159771e-22
992.0,0,0.9999999999625402,3.74679401547506e-11
993.0,0,0.9999999999999432,6.309204084843137e-14
994.0,1,1.5896922605221025e-15,1.0
995.0,0,0.999999999996362,3.640610744478586e-12
996.0,0,1.0,1.0851154488705477e-14
997.0,0,0.9999999988866648,1.1133351072367454e-09
998.0,1,5.023268884487845e-18,1.0
999.0,1,8.226692882109467e-53,1.0
1000.0,0,1.0,1.5746725618655602e-21
1001.0,1,1.0150486750895408e-06,0.9999989849513362
1002.0,1,0.0008472454991269417,0.9991527545009005
1003.0,0,1.0,8.825627386958526e-24
1004.0,0,1.0,3.055841226981986e-27
1005.0,0,1.0,6.75113779074734e-16
1006.0,0,1.0,2.514684910370604e-20
1007.0,1,1.6819105887969956e-16,1.0
1008.0,0,0.9999999934597099,6.540273838183833e-09
1009.0,0,0.9999999364801531,6.351982822094763e-08
1010.0,0,1.0,4.874557848991746e-16
1011.0,0,0.9999999998027818,1.9720705630439902e-10
1012.0,0,1.0,2.4897893618067003e-22
1013.0,0,0.9999999999996589,3.339577882022133e-13
1014.0,1,7.55894125259229e-05,0.9999244105874704
1015.0,0,1.0,2.0603232069620994e-24
1016.0,0,0.522284232047238,0.47771576795278026
1017.0,1,2.460670100954748e-96,1.0
1018.0,0,1.0,1.560273498138552e-23
1019.0,1,9.26337852378124e-09,0.9999999907366259
1020.0,0,1.0,1.0154970281799393e-42
1021.0,0,1.0,6.063973028601689e-28
1022.0,0,1.0,1.2507435747100681e-35
1023.0,1,3.1164909731475724e-17,1.0
1024.0,1,1.1433564216623115e-27,1.0
1025.0,0,1.0,7.232619236028179e-17
1026.0,1,1.626556530238376e-18,1.0
1027.0,0,1.0,2.6615357834104276e-35
1028.0,0,1.0,6.368933846188909e-27
1029.0,0,1.0,6.60937938313885e-29
1030.0,0,1.0,8.512855009393572e-24
1031.0,1,6.085113634610363e-08,0.9999999391488378
1032.0,0,0.9999999720024565,2.7997568381974763e-08
1033.0,0,1.0,9.89010861095807e-22
1034.0,0,1.0,1.110628882253352e-24
1035.0,0,0.9999999999999432,5.149258373215035e-14
1036.0,0,1.0,4.792803130249086e-26
1037.0,0,1.0,6.358024855549231e-16
1038.0,1,4.080119096458757e-77,1.0
1039.0,0,1.0,4.713279132528297e-16
1040.0,0,1.0,5.417550043675037e-40
1041.0,0,1.0,1.5775045381453012e-24
1042.0,0,1.0,2.084938595911017e-23
1043.0,0,0.9999999998807425,1.1924768577929973e-10
1044.0,0,1.0,2.8433990661151056e-28
1045.0,1,4.21979353939534e-50,1.0
1046.0,0,0.9999999998950102,1.0499271654203445e-10
1047.0,0,0.9999999999998295,1.8874147971511261e-13
1048.0,1,0.03333276347366912,0.966667236526357
1049.0,1,4.222129879901772e-28,1.0
1050.0,0,1.0,5.505110599950285e-16
1051.0,1,6.367304393174829e-11,0.9999999999363354
1052.0,1,4.545715017047269e-30,1.0
1053.0,0,1.0,2.259250659637999e-25
1054.0,0,0.9999881924865882,1.180751341785259e-05
1055.0,1,0.015271531102184419,0.984728468897793
1056.0,0,1.0,1.6616354993536177e-16
1057.0,1,2.721425693113675e-61,1.0
1058.0,0,1.0,9.393898730357454e-20
