id,cluster,prob_cluster_0,prob_cluster_1,prob_cluster_2
1.0,2,1.4224330885514157e-21,1.5554347766240546e-11,0.9999999999844533
2.0,1,3.528105596207208e-16,1.0,1.2737357786080353e-37
3.0,1,1.1415414889428262e-23,1.0,6.719788013252793e-25
4.0,2,4.870477008699181e-38,0.0013962998948391652,0.9986037001051564
5.0,0,1.0,7.659638996714307e-92,2.1501968980985133e-19
6.0,2,1.153341008664357e-22,2.7202880022169803e-11,0.999999999972772
7.0,2,4.571715092061576e-27,2.1548291796541832e-15,1.0
8.0,1,6.483709340533229e-05,0.9999351628612825,4.5297315359919916e-11
9.0,2,6.348370817442249e-10,7.129263981681112e-18,0.9999999993651727
10.0,1,2.013605210725316e-06,0.9999979863947979,1.3481650349578344e-54
11.0,2,9.819459141983324e-25,0.005884237803562704,0.9941157621964629
12.0,2,1.4501141562067657e-17,0.0001774416947499413,0.9998225583052338
13.0,2,2.5538684217998255e-41,7.487633312659096e-21,1.0
14.0,2,4.152325515386634e-15,0.03985782535579619,0.960142174644196
15.0,0,0.9999547809571514,4.521904283089419e-05,2.4810989313363438e-25
16.0,2,7.211305429495235e-20,3.276587410376752e-29,1.0
17.0,1,1.6074777742448197e-09,0.9979135446078542,0.002086453784669939
18.0,0,0.9999999999731131,2.688197495223124e-11,8.841428414396847e-56
19.0,2,3.3402793530923464e-27,1.567572339962003e-29,1.0
20.0,1,2.677760068691709e-09,0.9999999973222202,8.027973931402472e-22
21.0,0,1.0,2.4695792759036276e-63,4.194991658197406e-162
22.0,1,1.737362409487561e-18,1.0,7.167509736639962e-15
23.0,1,2.2833896493901943e-06,0.9999977166103725,6.687634259027673e-84
24.0,1,1.6661057572845525e-09,0.9999999983270698,6.826223573197203e-12
25.0,1,9.583085493701706e-21,1.0,4.68306564925541e-71
26.0,0,1.0,1.9966061188808686e-24,5.702571816619877e-107
27.0,1,1.0034019025088317e-08,0.9999999899659997,2.580362187629525e-37
28.0,1,2.558097732360682e-24,1.0,8.89373383055933e-23
29.0,2,1.0379011874561521e-41,1.6113157936827103e-22,1.0
30.0,0,1.0,1.9105710235415299e-34,9.329021494723188e-81
31.0,0,0.9999999980657321,1.9342500163166583e-09,4.186262928170384e-50
32.0,1,2.4989288648501628e-20,0.9999999429675216,5.7032485211871187e-08
33.0,0,1.0,6.33366672472603e-25,5.588625210384332e-22
34.0,1,1.2199986295179568e-12,0.9999999999988063,9.067292081606831e-23
35.0,2,9.358824217623065e-30,2.464980376877816e-07,0.9999997535019551
36.0,1,1.2651447297565704e-16,1.0,1.3676571071641748e-15
37.0,2,3.5083239543487973e-22,6.609152578398987e-14,0.9999999999999432
38.0,0,1.0,4.394990471235969e-29,1.444253779421229e-105
39.0,0,1.0,2.246373998253893e-58,1.629360369709014e-48
40.0,1,7.785818494773566e-19,1.0,2.1507269376584642e-26
41.0,0,1.0,7.882909925680107e-75,2.0678626884306898e-57
42.0,2,2.9168723427897233e-47,4.1569584290712086e-47,1.0
43.0,0,0.9999999934670427,6.5329624657776415e-09,2.594586719666411e-35
44.0,1,6.870175552846915e-11,0.9999999999313047,1.01626593430083e-18
45.0,1,2.1389806187165125e-19,1.0,2.708866187030083e-14
46.0,1,8.259589015208538e-13,0.999999440112433,5.598867510019778e-07
47.0,1,5.004875312672204e-10,0.9999999994994937,1.1861283578020462e-45
48.0,2,1.8235031538068243e-33,3.0758946466225554e-27,1.0
49.0,1,5.77236465548809e-07,0.9999994227635473,3.08154169092803e-53
50.0,1,7.751812784262227e-10,0.999950563641616,4.9435583204640455e-05
51.0,1,3.3603533253023416e-21,1.0,7.066078850239248e-21
52.0,1,4.693298295318041e-32,1.0,2.959083546138713e-31
53.0,2,1.9798935761285722e-35,3.5239340554589336e-18,1.0
54.0,1,8.152976396152535e-06,0.999991847023619,8.586878758578108e-41
55.0,2,2.0564715515393473e-28,1.4926786371479283e-12,0.9999999999984936
56.0,2,1.2326655699626461e-11,0.00907388580296181,0.9909261141847011
57.0,1,3.179956846364472e-17,1.0,9.579211769514132e-33
58.0,1,2.7869988671273287e-30,0.9999999999994316,5.688883089534444e-13
59.0,1,7.973761516350854e-23,1.0,2.6309048935172763e-16
60.0,1,2.021168520477806e-18,0.9996829173489666,0.0003170826510378547
61.0,0,0.9999999923736027,7.626389524485443e-09,2.736803652534813e-47
62.0,1,3.2818276262547114e-13,0.9999999800834873,1.991620401976419e-08
63.0,1,1.0662671044025838e-11,0.9999999999893134,1.7944771549002395e-15
64.0,1,1.1690599414153935e-10,0.9986989689026717,0.0013010309804298542
65.0,1,3.628762536456677e-25,1.0,2.6349262859693435e-16
66.0,0,0.9999999953660108,4.633966807693904e-09,1.8720594789843466e-61
67.0,2,1.3352780627046488e-21,9.56184697489203e-25,1.0
68.0,1,9.195120356279966e-06,0.9999908048796281,1.3230782853438787e-78
69.0,2,2.5599560706024885e-37,3.5643544448110496e-21,1.0
70.0,1,1.8212221179459202e-15,1.0,1.9977900455353472e-60
71.0,0,1.0,2.8708421534748752e-24,2.882324973298107e-39
72.0,1,3.224450476347623e-08,0.9999999677554859,3.4277133915880635e-27
73.0,2,1.8553781652285627e-41,2.7620023808902473e-17,1.0
74.0,1,6.294704566444051e-12,0.9876286513037877,0.01237134868991806
75.0,1,1.8972885408642985e-17,1.0,8.576767672336552e-17
76.0,2,7.42055380378055e-29,4.8833785019653504e-27,1.0
77.0,0,0.9999999999575948,4.241179849461904e-11,1.2095341301615947e-134
78.0,1,1.6176186770864535e-13,0.9999999999998295,1.0777580628100822e-72
79.0,1,1.9981470924280208e-13,0.9999999996809379,3.188438660096919e-10
80.0,2,1.9621684855790243e-44,2.231951535025563e-18,1.0
81.0,1,5.149268798371547e-26,0.9999350543257324,6.494567426171545e-05
82.0,0,1.0,1.4088566236531112e-18,5.573062374950206e-29
83.0,0,1.0,3.848709122469909e-40,9.189628190557459e-69
84.0,2,3.328481387366852e-38,3.3457573326281556e-17,1.0
85.0,0,1.0,4.588980225152109e-34,5.570308800177335e-103
86.0,1,2.4571366993779434e-26,1.0,2.90682164417117e-16
87.0,1,3.419274542833233e-09,0.9513914141924622,0.04860858238826913
88.0,2,1.3625342051274123e-14,9.289773765541745e-05,0.999907102262335
89.0,2,4.9784605720290755e-29,6.255426707528173e-15,1.0
90.0,1,5.4425530425636575e-24,1.0,1.7318131065328497e-19
91.0,1,9.064556040626206e-08,0.9999999089518538,4.0258791900401865e-10
92.0,2,5.4690850009263854e-18,0.01825215059141386,0.9817478494085836
93.0,1,2.1142577987021524e-08,0.9999999788574316,8.403864272455896e-30
94.0,2,4.967461424234798e-49,4.068022301724371e-49,1.0
95.0,1,2.92649331228305e-17,0.999999996362618,3.637380189433414e-09
96.0,2,8.231284944598024e-41,2.1187255333643988e-13,0.999999999999801
97.0,0,1.0,3.156407240349034e-27,3.698859876438656e-91
98.0,0,0.9983927629106564,0.0016072370893356626,5.1545883057724924e-18
99.0,0,1.0,3.286414432155567e-60,1.4222013718367416e-176
100.0,2,4.1286651532271435e-19,5.005965305993692e-07,0.9999994994034412
101.0,1,3.712547505938317e-21,0.999881116940039,0.00011888305996673051
102.0,0,1.0,1.8333706127569285e-133,2.2173829657261336e-93
103.0,0,0.9999756330125686,6.282704360143562e-06,1.808428307000796e-05
104.0,2,5.1831183297115117e-33,4.175043459881064e-05,0.9999582495653889
105.0,1,2.263001552317908e-13,0.9999999992016342,7.981662005677964e-10
106.0,2,6.349703307071554e-25,2.5727351578450054e-09,0.9999999974272669
107.0,2,2.3602662913642327e-29,1.310970290696761e-16,1.0
108.0,2,2.3851279002275783e-23,8.503073165239192e-05,0.9999149692683511
109.0,0,1.0,6.498601076552924e-18,1.5820664934251714e-136
110.0,0,1.0,9.515431530354815e-52,1.5533365409797022e-38
111.0,0,1.0,2.0241871013242342e-50,1.3498676148119717e-25
112.0,0,0.9999999999999432,5.2165548002611105e-14,3.753932038262855e-112
113.0,0,1.0,1.1895949622333038e-27,5.3914052527664564e-18
114.0,2,7.567504289292228e-21,2.0053066274748829e-10,0.9999999997994564
115.0,1,4.8020692008831715e-12,0.9999999999951967,1.141439312720079e-46
116.0,0,1.0,1.16425384113113e-80,4.558413838126743e-126
117.0,1,1.3263598270704486e-15,1.0,2.1122915250149075e-49
118.0,0,0.9994759634721498,2.588855840125532e-12,0.0005240365252806417
119.0,1,7.0065157844619085e-12,0.9999999999930083,1.5804925958054162e-17
120.0,1,7.144794980150096e-17,1.0,1.2231703577591704e-27
121.0,1,4.731634407100611e-27,1.0,1.1751619213512954e-77
122.0,1,1.1972047539442753e-15,1.0,1.6346035808999109e-50
123.0,1,2.238966505825672e-11,0.9999999999776037,1.6387510332541447e-47
124.0,1,1.1373867351879542e-09,0.99999999886262,1.4408848191192812e-27
125.0,1,5.153506916040881e-13,0.9999999983203338,1.679130178563561e-09
126.0,0,1.0,1.3034162956085479e-17,7.043574788334983e-69
127.0,1,2.0062422379456668e-17,0.9999750446164651,2.4955383511486563e-05
128.0,2,5.530863889889266e-51,1.0035978326479905e-31,1.0
129.0,1,0.00010874286872716824,0.9998912571312781,1.5691771212665265e-18
130.0,1,2.93050921408781e-25,0.9999999999736815,2.632343220828422e-11
131.0,2,2.60245595585737e-41,9.137336173745091e-32,1.0
132.0,1,1.0352826773004182e-07,0.9999998964717118,5.697993780784647e-21
133.0,1,4.661627517750231e-10,0.9999999995338271,7.134835604556692e-54
134.0,2,8.132326843653088e-12,0.0002481431889891109,0.999751856802871
135.0,1,1.796210050922695e-11,0.9999999999819238,8.655800642342348e-14
136.0,0,1.0,6.332844704750483e-45,1.809321143397571e-233
137.0,2,2.2788250922733497e-44,1.7979704375843602e-29,1.0
138.0,2,0.005767674193746027,0.00010458762411122035,0.994127738182146
139.0,2,3.4288679027125296e-36,5.982398246041981e-11,0.9999999999401723
140.0,2,2.069146627572544e-29,1.617116861823016e-21,1.0
141.0,1,4.697211339579898e-10,0.999992919263662,7.080266626750131e-06
142.0,1,2.0769067687746366e-06,0.9999979230932434,2.871888637609614e-92
143.0,2,3.243748170770816e-30,6.308995988011963e-32,1.0
144.0,1,3.23670871298577e-13,0.9999999999996589,6.409006461960105e-87
145.0,1,1.4378463686257263e-10,0.999999999856243,3.20625541553771e-31
146.0,2,2.452886511297509e-17,0.0025652922389416528,0.9974347077610586
147.0,1,1.2275798001671939e-08,0.9999999877242091,7.507261817819972e-19
148.0,0,1.0,4.453429835527737e-71,4.239370499510995e-39
149.0,2,2.364076921509102e-10,5.73878670263983e-07,0.9999994258849312
150.0,2,3.36809513458385e-35,9.554350799247712e-08,0.9999999044565061
151.0,2,1.4500831055962838e-41,7.584096748830332e-29,1.0
152.0,1,0.0001603613199042749,0.9998396386800914,1.5176354077437894e-70
153.0,1,1.9254751724106876e-26,1.0,1.0519251703023097e-87
154.0,0,0.9999996945777139,3.054222988335215e-07,9.429695623359542e-63
155.0,0,0.99999999999892,1.0823313831277982e-12,9.748677497558379e-35
156.0,0,1.0,3.0765444906928797e-37,6.157287042228174e-22
157.0,1,4.782841376979297e-25,1.0,2.3347601875875883e-71
158.0,2,1.0716777452067999e-11,2.9285926908395673e-10,0.9999999996963993
159.0,0,0.9999994772275275,7.693025783707706e-30,5.227724912403798e-07
160.0,1,4.356310911461417e-11,0.9999999999564579,1.1369373091935386e-23
161.0,0,1.0,3.650873777026148e-128,1.877115633186556e-103
162.0,2,7.834540513664558e-25,0.02749815623807519,0.9725018437619156
163.0,1,7.31453351896605e-11,0.9999999999251372,1.7373841099368399e-12
164.0,1,0.0031713936275175833,0.9968286063724622,1.4791501914923063e-39
165.0,2,1.8295001111169206e-20,1.2651475234235958e-06,0.999998734852487
166.0,2,2.4106676421062372e-27,1.8512405581594765e-16,1.0
167.0,0,1.0,2.2123957598055187e-17,1.1452868116138848e-52
168.0,2,2.6448540082075533e-18,3.898779889965975e-05,0.9999610122010743
169.0,2,3.4592829883400623e-18,4.485851944643694e-25,1.0
170.0,1,3.2866217428102848e-09,0.9999999967133704,7.611228906704167e-129
171.0,0,1.0,1.1888208784857832e-63,1.0229370227036953e-38
172.0,1,8.441562559330184e-10,0.9999999991558184,1.9743324483957715e-77
173.0,0,1.0,4.639727965435277e-109,5.931896993167892e-127
174.0,1,6.615213237268648e-19,1.0,5.261840700860169e-50
175.0,1,2.922193170306194e-06,0.9999970778068309,7.505600587475542e-39
176.0,1,3.930653625910702e-09,0.9999999960693344,4.469238276453929e-73
177.0,1,1.5086028499049945e-27,1.0,4.3589653220985044e-36
178.0,2,2.3889011316150357e-37,1.0122904176928203e-12,0.9999999999989768
179.0,1,1.1645162280619887e-26,0.9999999998876206,1.1235124850948665e-10
180.0,1,1.1685660002469162e-13,0.9999999999998863,4.1719838030415265e-47
181.0,2,9.565290479023434e-48,3.518863183062822e-24,1.0
182.0,2,1.1602051609146924e-40,2.23695877874699e-07,0.9999997763041187
183.0,0,0.9976908856736937,0.0022728740363926214,3.6240289907981206e-05
184.0,2,0.01464425619783478,4.27595891329872e-17,0.9853557438021808
185.0,1,1.6161411005233377e-17,1.0,6.411304197885654e-16
186.0,1,1.5859995101926514e-34,0.999999998730658,1.269332682879411e-09
187.0,2,3.9234589722433833e-19,3.410127059880428e-16,1.0
188.0,1,1.6026064456027218e-17,1.0,1.8503052556308116e-45
189.0,2,2.3689990626778246e-14,1.0251020727962276e-23,1.0
190.0,0,1.0,7.326183490976791e-33,1.6029315523907328e-91
191.0,1,8.189125622337305e-17,1.0,1.539776701980773e-18
192.0,1,0.023509355302943666,0.9764906446970409,4.0236555235035575e-109
193.0,2,2.4339088556370914e-16,0.007554650518100623,0.9924453494818851
195.0,1,0.0037135327983378492,0.9962864672016443,6.525340042054406e-105
196.0,2,2.5740551592370327e-21,5.739722862540139e-06,0.9999942602771502
197.0,1,4.545636620785443e-15,1.0,2.3648500728840816e-20
198.0,1,2.867635677852815e-17,1.0,8.621429904686712e-33
199.0,2,1.3738882226365623e-13,2.2294199647847966e-15,0.9999999999998863
200.0,2,1.0128795390267813e-28,4.942899925994225e-13,0.9999999999995168
201.0,1,5.675924447519286e-19,1.0,1.3733106955610279e-58
202.0,2,4.399147976469074e-34,5.117119872812978e-37,1.0
203.0,1,1.463412731934191e-07,0.999999853658732,1.6426567898722837e-35
204.0,1,5.647734801005936e-16,1.0,2.257241888440235e-86
205.0,0,1.0,9.411852090538459e-102,4.1583783845653406e-98
206.0,1,5.3897344450472745e-28,0.9999998526606471,1.4733934845700028e-07
207.0,2,3.627823914434842e-24,0.00034698825001804534,0.9996530117499896
208.0,1,2.685223026492075e-29,1.0,5.450928903080129e-19
209.0,0,0.9999980057636993,1.994236293723812e-06,4.089403538315795e-32
210.0,1,4.781786905685804e-28,0.9991304364339149,0.0008695635660855113
211.0,1,1.7757098076905999e-13,0.9999999999998295,1.3772861277875164e-16
212.0,0,1.0,7.932313566271862e-21,8.553975664724409e-39
213.0,0,1.0,2.244233366850223e-36,6.798158570183938e-39
214.0,2,1.2694015307208255e-37,1.0748947479028383e-07,0.9999998925105218
215.0,0,1.0,7.132174273740401e-15,4.3577518686831267e-128
216.0,1,9.906468975079842e-35,1.0,2.703760927697151e-25
217.0,1,1.831732649411409e-14,1.0,7.354002892052104e-28
218.0,2,5.122437385204274e-24,1.776791755077974e-07,0.9999998223208182
219.0,0,1.0,2.1524478512291145e-17,6.904807467582756e-47
220.0,1,4.143265784733419e-15,1.0,9.182287359388169e-37
221.0,1,6.399239061513708e-08,0.999999936006079,1.5391775718856518e-12
222.0,1,2.4472811939982246e-24,0.9999999965279756,3.47203249484408e-09
223.0,1,0.012298430604686683,0.9877015693952783,1.423663537098116e-14
224.0,1,1.2854222917641612e-18,1.0,1.6405676455742523e-22
225.0,0,0.9999996401705368,3.5982947954167183e-07,2.3300895502855206e-61
226.0,1,4.04058588011854e-27,0.9999992185824664,7.81417538557026e-07
227.0,1,5.236035117640755e-16,1.0,8.033414726210897e-64
228.0,0,1.0,1.0220391511395036e-14,2.491254305591845e-46
229.0,1,3.0385252354919914e-11,0.9999999999695888,9.330219509068628e-27
230.0,0,1.0,4.684753879132652e-46,1.392086054148061e-90
231.0,0,1.0,1.3451151311017329e-80,7.073523000905014e-32
232.0,1,6.188252432381969e-12,0.9999999999938041,1.8098594039734612e-44
233.0,0,0.9999999999999432,3.756201733671073e-14,1.0145381073070378e-48
234.0,2,7.604710532369634e-36,2.3439943129776646e-08,0.999999976560048
235.0,1,4.097441926243423e-27,1.0,2.6366436197889616e-33
236.0,2,6.070219041705219e-33,1.2845847867236011e-10,0.9999999998715339
237.0,0,0.9916485904192452,0.008351409580774894,1.4287414643017842e-28
238.0,1,2.0015406174118243e-25,0.9999999989341859,1.0658022979976785e-09
239.0,2,5.3989242538576264e-36,9.922809588871017e-18,1.0
240.0,0,0.99979338159427,0.00020661840573586298,4.615226895793549e-81
241.0,2,7.288064074940596e-24,4.709647092233416e-32,1.0
242.0,2,3.6218605546349196e-11,0.00013503329504093025,0.9998649666687472
243.0,1,9.654806878388483e-11,0.9607393142373205,0.039260685666104314
244.0,0,1.0,1.4661683833749282e-20,5.916175791689866e-50
245.0,1,1.866605118214722e-07,0.9999998133394744,1.8834592922293982e-88
246.0,1,0.0030840415419802767,0.9969159584580438,3.316045771960168e-57
247.0,2,9.607202068500827e-17,8.79503342300842e-31,1.0
248.0,2,6.903672007757096e-06,4.642138498757237e-37,0.9999930963279684
249.0,2,2.4742252935601227e-25,1.2643289471306186e-23,1.0
250.0,1,4.9256168736990795e-11,0.9999999999507168,1.2455274372048625e-23
251.0,1,2.4153879579575803e-14,1.0,2.3662594014818106e-54
252.0,1,1.3283724729518674e-13,0.9999999999998863,8.298721221808689e-70
253.0,1,1.536277316502992e-11,0.9999999999846523,5.580086699173557e-75
254.0,2,1.1369188760790433e-39,2.7244679976791875e-19,1.0
255.0,2,2.726000645291896e-29,4.619257508031868e-47,1.0
256.0,2,1.3011953007311076e-16,1.4368193547916723e-11,0.9999999999856186
257.0,2,8.533748492786929e-15,1.7253873656020486e-09,0.9999999982746033
258.0,2,1.9979023880415402e-41,1.312520244229484e-14,1.0
259.0,0,1.0,1.0715562045762301e-15,1.286597878327496e-90
260.0,1,2.9965528049402857e-13,0.9999999999997158,9.02048750516577e-32
261.0,2,2.03366720411835e-25,2.987046943570589e-22,1.0
262.0,1,4.156575289138884e-08,0.999999958434274,1.1078842284974815e-86
263.0,0,0.9999985612154324,1.4387845599654576e-06,2.01822337841039e-36
264.0,1,5.809994138165538e-16,0.9999999950924803,4.90750048828549e-09
265.0,1,8.448929202313459e-15,1.0,1.0752620023028197e-45
266.0,1,9.04360956881867e-25,1.0,2.3952129539821955e-40
267.0,0,1.0,2.8712166342902916e-23,2.6345465430782935e-116
268.0,0,0.9999999962836341,3.7163704092666763e-09,7.266288839242565e-30
269.0,1,1.5313424058972801e-09,0.9999999984686667,2.0611472893353867e-17
270.0,2,9.53565345539742e-39,8.45405359523257e-45,1.0
271.0,2,1.1805191465184286e-38,1.413362462663398e-16,1.0
272.0,1,1.1475901406394714e-21,0.9999980526007367,1.9473992534573604e-06
273.0,1,4.547657778700701e-13,0.9999999999995453,3.529665187038915e-89
274.0,1,6.352217084973425e-10,0.9999999993647748,1.998706721161349e-27
275.0,0,0.9999999999980105,1.9757450963446448e-12,4.34039781682495e-48
276.0,2,3.1918959485501604e-29,1.8203619745359035e-13,0.9999999999998295
277.0,2,3.7776405454027704e-33,8.339209453151788e-07,0.9999991660790566
278.0,2,4.783330292880069e-39,9.164947249569457e-15,1.0
279.0,2,8.948077270473065e-18,1.1388274102615281e-12,0.9999999999988631
280.0,0,1.0,4.035381386406033e-96,9.668436709408355e-28
281.0,1,3.576161825913714e-16,1.0,2.6029052665425182e-42
282.0,2,1.8325777958929082e-21,8.075579785662697e-24,1.0
283.0,0,0.9999999999999432,3.507465845605543e-14,1.0740810959856403e-42
284.0,1,6.591076875150669e-27,0.9964321410935747,0.0035678589064121052
285.0,0,0.9999999933078811,6.692106622399332e-09,1.015054567371877e-35
286.0,1,1.4681044513857782e-07,0.9999998531895465,2.571575917029219e-38
287.0,1,1.903543203943971e-10,0.9999970303364064,2.9694732340751392e-06
288.0,1,6.464288356475803e-18,0.9999975368187887,2.4631812147297043e-06
289.0,2,3.9413921932392195e-31,5.398363143656241e-17,1.0
290.0,0,1.0,2.9189560898412394e-42,2.497125964906916e-106
291.0,0,0.9999896397080272,1.03602919683282e-05,1.2492324233359583e-34
292.0,1,2.2817537574565976e-16,1.0,1.9684720426156215e-69
293.0,1,1.0835990899887415e-13,0.9999923769058886,7.623094006174442e-06
294.0,1,4.121777972938752e-07,0.999999587822202,2.8650743547861694e-96
295.0,1,6.14840289390558e-19,1.0,2.168231998484607e-67
296.0,2,7.003942016186963e-35,3.890361273422775e-18,1.0
297.0,1,8.048847699387584e-10,0.9999999991950972,1.1311195068553644e-74
298.0,1,7.243913092575189e-05,0.9999275607119836,1.5707665669198518e-10
299.0,0,1.0,3.8923467080103195e-75,1.880758266239398e-102
300.0,2,0.00033735859179814007,6.33874900933067e-18,0.9996626414082223
301.0,2,1.0571814803769105e-33,5.6881604320914635e-12,0.9999999999943157
302.0,0,1.0,1.874205858656123e-17,1.980609568012712e-43
303.0,0,0.9999999195659971,7.857696961967231e-08,1.857009327147057e-09
304.0,0,1.0,9.932042934571597e-18,8.160056355791149e-110
305.0,1,0.0013786685689617933,0.9986213314310376,5.777058093103666e-17
306.0,1,2.3511415358844296e-05,0.9999764885846184,1.8757016071028786e-23
307.0,0,1.0,8.220836127719668e-27,1.023308152872713e-124
308.0,2,1.2948465549614287e-38,4.6470925437995726e-14,0.9999999999999432
309.0,1,6.789962528008209e-07,0.9999993210037732,2.230366410419206e-19
310.0,1,1.794499789451633e-16,1.0,1.1903907966430514e-27
311.0,2,4.911833026968565e-22,6.045786665404684e-06,0.999993954213324
312.0,0,1.0,8.240487971870834e-62,1.798627065285687e-119
313.0,1,1.698654323840698e-14,0.9999999999999716,2.3403226949411073e-23
314.0,1,1.082017624513734e-05,0.9999891798237752,2.3298033931583714e-15
315.0,1,1.719764693044734e-16,1.0,4.300097689506974e-46
316.0,1,7.230028985399002e-16,1.0,2.294354773104833e-47
317.0,2,4.3918224845434474e-32,4.6596912108683e-40,1.0
318.0,1,8.210811319088016e-12,0.9999999999918145,4.2000526510489576e-104
319.0,0,1.0,6.7540989660777e-64,5.9174242512575195e-108
320.0,0,1.0,2.827114662066684e-22,1.334949864421128e-41
321.0,0,1.0,3.090011445948401e-46,2.408498964556526e-102
322.0,0,1.0,1.1064125286891025e-69,1.6469108670088323e-79
323.0,2,6.896409793469967e-34,4.636032178390791e-25,1.0
324.0,2,1.0408998359620385e-39,1.6866416131299437e-21,1.0
325.0,2,1.304995158712708e-22,0.0014027544211913953,0.9985972455787965
326.0,1,9.18638381671627e-06,0.9999908136162108,8.993383066131742e-64
327.0,0,1.0,3.660312976826904e-24,3.320146289420123e-42
328.0,2,4.1874837155597465e-45,1.725195912472054e-20,1.0
329.0,1,6.130530387185519e-16,1.0,2.6178358684131423e-32
330.0,0,0.9999999999998863,1.004370367718521e-13,4.709591053518565e-58
331.0,0,1.0,6.685994160051162e-52,4.464096788210687e-141
332.0,1,1.8278419566550033e-18,0.9998693790625741,0.00013062093744735102
333.0,1,5.162775278404525e-19,0.9999862057281776,1.3794271821630233e-05
334.0,1,7.897211464667639e-10,0.9999999992102744,3.416787464100703e-41
335.0,1,1.3005351177443544e-20,1.0,9.998308993981358e-19
336.0,0,0.9999511647254363,4.883527454877615e-05,1.2129055309343114e-118
337.0,0,1.0,3.649771356002447e-15,8.556654565076968e-103
338.0,2,3.1078042252352605e-17,7.387006214031039e-32,1.0
339.0,1,1.3668663496736467e-12,0.9999999999986358,3.988286647849412e-89
340.0,0,1.0,8.230748858734121e-23,4.8698698345252135e-55
341.0,1,3.6984361689731234e-25,0.9999232633094617,7.673669053699646e-05
342.0,1,1.3276651654285041e-08,0.999999986723367,5.987039324608759e-15
343.0,1,1.3740534614135596e-20,1.0,1.3361680810335498e-17
344.0,0,1.0,1.2227985462344857e-30,2.5424160132729933e-47
345.0,2,3.413826963232728e-36,1.024455038042387e-21,1.0
346.0,0,1.0,1.5475007146275806e-22,6.758143727700785e-36
347.0,0,1.0,6.875665439542348e-53,4.90525184743827e-76
348.0,0,1.0,2.0333277692928216e-66,1.7568898774997043e-177
349.0,1,4.148781076591011e-14,0.9999999411576841,5.8842255472845565e-08
350.0,1,2.726550157565811e-25,0.9999999999938893,6.110721271871284e-12
351.0,1,4.570642611018538e-27,0.9999879368653815,1.2063134626535026e-05
352.0,0,1.0,2.4785870191025272e-19,2.3791984642322662e-85
353.0,1,3.4288442140569763e-16,1.0,4.96128571216759e-23
354.0,2,5.350672335387459e-34,1.456077656300409e-09,0.9999999985439274
355.0,0,0.9997074678091291,0.00029253219085796493,6.031616853795902e-108
356.0,1,1.1366709380825223e-27,0.9999999664757985,3.352419027673928e-08
357.0,1,2.765150739867049e-23,1.0,4.14792095170938e-31
358.0,0,1.0,1.1426913744510242e-17,4.408050778687545e-77
359.0,1,2.860517628273663e-20,0.9999985398505233,1.4601494751151054e-06
360.0,2,1.0190549379784207e-23,4.127605280402637e-14,0.9999999999999716
361.0,2,1.501537480454247e-10,0.00021213092412082128,0.9997878689257271
362.0,2,1.6741984119376303e-27,4.9081174148174747e-20,1.0
363.0,1,6.370448539449592e-15,1.0,1.0284302421124517e-40
364.0,2,7.760119147950234e-11,0.00039547423719394487,0.9996045256851959
365.0,1,4.069696308229795e-07,0.9999995930303645,7.413508686682623e-39
366.0,1,1.3030867213287846e-28,1.0,5.866501433577435e-23
367.0,1,3.861464958627849e-15,0.9999998970131454,1.0298684765527192e-07
368.0,1,5.067557252785535e-18,0.9999999859435321,1.4056486512868905e-08
369.0,0,1.0,4.2468626435614224e-32,1.3154656957966907e-48
370.0,1,0.0010978520457239124,0.9989021479542564,4.914087720451436e-34
371.0,1,7.538928095869838e-10,0.9999482727534194,5.1726492691430466e-05
372.0,0,1.0,5.832876543844074e-44,6.341718452293923e-36
373.0,2,1.3168865178454056e-14,0.0004814224798509247,0.9995185775201175
374.0,2,2.6337347047258973e-43,4.0142279959251007e-25,1.0
375.0,0,0.9999999999631655,3.684671092883679e-11,1.1988505392327015e-74
376.0,1,5.068021705203855e-08,0.9999999493197733,1.0259764488069769e-26
377.0,1,0.001729539072651444,0.998270460927369,5.932590292727048e-24
378.0,1,2.8763624756293028e-15,1.0,9.401190309352988e-25
379.0,1,2.6022786947237827e-11,0.9999914308061142,8.569167858000867e-06
380.0,0,1.0,4.60046855456335e-72,9.642557979846755e-81
381.0,1,2.93218959615205e-08,0.9999999706781186,1.7361624954980194e-49
382.0,1,9.16261604817947e-19,1.0,2.196333464434053e-86
383.0,2,3.6766000880854683e-16,1.2834930579265387e-22,1.0
384.0,2,9.390313881701579e-41,2.7191226681370946e-23,1.0
385.0,2,2.267694474385646e-25,4.572077446207623e-16,1.0
386.0,2,6.5674508028155425e-25,7.801863107556035e-19,1.0
387.0,0,1.0,2.2537727263031338e-120,1.3418638390079322e-248
388.0,2,5.69601357674833e-12,2.5603948943799324e-13,0.9999999999940314
389.0,1,3.1379543222735223e-12,0.9999999999968736,1.5776314755376814e-34
390.0,1,5.342156307919449e-08,0.9999999465753163,3.112273018611581e-12
391.0,2,2.705496963084245e-22,3.1365274707426686e-11,0.9999999999686224
392.0,1,0.0006094579162342262,0.9990732916546344,0.00031725042915071907
393.0,1,3.6080001214935056e-31,0.9999999926250212,7.374972114640052e-09
394.0,2,4.553221052444533e-34,1.098368714340194e-57,1.0
395.0,2,3.550357162045131e-30,4.970014005322732e-13,0.9999999999995168
396.0,0,0.9998229999609658,0.00017700003901206473,6.975465097269642e-39
397.0,1,4.5138172544495555e-31,0.9999999999481872,5.1807933452612095e-11
398.0,0,1.0,1.5470156333311657e-108,1.5267185413517612e-205
399.0,1,3.8113288329608456e-29,1.0,1.72903763259571e-17
400.0,1,1.5069712555509973e-10,0.9999999998493081,5.1872002821620774e-42
401.0,0,1.0,2.098541605009426e-37,4.4837738740802663e-44
402.0,2,1.6542329445508869e-28,3.6610528296738334e-23,1.0
403.0,0,1.0,2.7984037214139813e-28,6.88839571615274e-17
404.0,1,2.2693956796926834e-19,1.0,7.163395129291056e-37
405.0,0,0.9999343628587972,6.563705148721543e-05,8.971457819519942e-11
406.0,2,1.4829830509212864e-07,0.028157126547739286,0.9718427251539566
407.0,1,0.0949539589638566,0.9050460410361477,1.097574455392731e-31
408.0,2,3.3809910435235344e-30,5.563655435548975e-20,1.0
409.0,2,3.950905292397037e-39,3.9316872133369556e-30,1.0
410.0,0,1.0,1.5148831971161799e-27,4.3884075972915055e-19
411.0,1,6.627823402287197e-12,0.9999999999933493,2.144594217649685e-14
412.0,1,5.373535439780344e-25,1.0,1.7115221798256118e-73
413.0,1,3.81977878629509e-24,1.0,9.934437128116347e-38
414.0,1,2.3152134723680915e-16,1.0,1.752907573542353e-72
415.0,1,1.0250576693620102e-11,0.9999265565789635,7.3443410775797e-05
416.0,2,1.5394851287608927e-26,2.3258178572631086e-33,1.0
417.0,2,2.7342708442490866e-05,6.821869623430388e-51,0.9999726572915669
418.0,0,1.0,1.5868748763469122e-35,1.5953060231024806e-72
419.0,2,2.917570077262713e-33,4.888040042099582e-15,1.0
420.0,1,0.0009590811408353817,0.9990339335034278,6.985355725005031e-06
421.0,0,1.0,5.11956378485136e-25,1.1694716683109703e-63
422.0,1,3.80995647657468e-24,1.0,1.3418227327836227e-62
423.0,2,5.28336542388567e-07,3.796025071914055e-09,0.9999994678674108
424.0,2,2.977558448148305e-40,9.317669348164526e-29,1.0
425.0,2,1.5531411647523773e-34,1.499727357677952e-08,0.9999999850027167
426.0,1,2.5029811616928245e-07,0.9999997497018598,6.892790117724493e-52
427.0,1,3.0420423390964997e-12,0.9999999999969589,2.3339978125128737e-25
428.0,1,3.1277181233942067e-10,0.9999980168956649,1.982791562806795e-06
429.0,2,4.6304702531120504e-14,3.3653059631211717e-39,0.9999999999999432
430.0,1,1.460340010117685e-07,0.9999998539659707,8.245140442393543e-24
431.0,0,1.0,1.3021953474993383e-40,2.1362274569429466e-103
432.0,1,3.377492235666629e-21,0.9988013007321025,0.0011986992678767994
433.0,0,0.9999999721538589,2.7846135303805373e-08,3.607222415802307e-41
434.0,0,0.999997610113112,2.389886875806311e-06,4.316634288339432e-57
435.0,2,0.00029126498957296704,1.882998432975335e-09,0.9997087331274043
436.0,0,0.9999999998044586,1.9533425523770138e-10,1.8752273079372695e-13
437.0,0,0.9999999999642455,3.577570818818065e-11,2.2027507724992555e-139
438.0,0,1.0,2.5303033298326766e-34,2.8221032474358696e-61
439.0,0,0.99999999132433,8.675652539860574e-09,4.580852322314035e-62
440.0,1,3.2087773601747468e-31,0.9999982461642706,1.7538357300689485e-06
441.0,1,2.080917215049812e-13,0.999999999999801,1.077289202097936e-16
442.0,1,2.4125963008266275e-07,0.9999997587403591,6.237488216876182e-96
443.0,1,1.48655632277387e-07,0.9999918034864066,8.047857946744297e-06
444.0,2,1.5419592836581923e-31,2.0720665430145973e-18,1.0
445.0,1,8.71637243675814e-09,0.9999999912836302,6.399997634704085e-21
446.0,0,1.0,1.9900949502358912e-23,5.702448820389477e-38
447.0,1,6.546934573434623e-11,0.9999999999345164,5.948097448600958e-16
448.0,2,6.760130911134172e-19,0.0009129130069937608,0.9990870869929948
449.0,1,2.196888200735864e-05,0.9999780310205536,9.74598194679444e-11
450.0,1,2.944537545799465e-13,0.9999999999997158,9.676183702038086e-16
451.0,1,3.1216227756688114e-09,0.9999999968783868,1.1928371799798435e-35
452.0,1,2.806255989632139e-09,0.9999999971937541,2.8692056180927512e-21
453.0,2,2.2878464768427433e-08,1.5182854074275968e-11,0.9999999771063701
454.0,1,8.787009553538513e-10,0.9999999991213144,4.929120480318039e-16
455.0,2,2.8873518975369424e-22,9.047760890542379e-47,1.0
456.0,2,1.7583375354345772e-26,0.0007719572869529403,0.9992280427130592
457.0,2,6.319074736623378e-15,1.1139802616577446e-12,0.9999999999988631
458.0,1,6.1499691315207e-09,0.9999999938499968,5.417606304827904e-14
459.0,0,0.9999999826210343,9.686782110115444e-12,1.736928413462445e-08
460.0,0,0.9966697918472593,0.0033302081527409933,1.5520750441257824e-34
461.0,1,3.0269768173482286e-15,0.9999999996220481,3.779455154139258e-10
462.0,0,1.0,2.9567157445920834e-28,9.997683596818586e-66
463.0,0,1.0,1.4165825349871961e-18,1.3605416471953143e-70
464.0,2,1.877771781012026e-18,4.1002825838641605e-14,0.9999999999999432
465.0,1,2.6777335150271828e-05,0.9999732226648426,4.8296988812076746e-32
466.0,1,9.443115885825652e-17,1.0,2.745391375865273e-68
467.0,2,1.2963219489975335e-18,5.283806734007222e-06,0.9999947161932753
468.0,2,7.535937083061732e-32,3.3967641175705215e-15,1.0
469.0,2,2.9485862630446834e-12,0.00029795739290137263,0.9997020426041594
470.0,1,2.246096892024856e-05,0.999977539031059,1.2973155436513665e-80
471.0,0,0.9999924555433305,7.5444566725306084e-06,8.74751594351442e-24
472.0,1,4.861318398249384e-07,0.9999995138681514,4.761400817110496e-16
473.0,1,2.1555757838498315e-11,0.9999999999784563,1.691240755833838e-69
474.0,1,1.1013373623943082e-15,0.9999994661721704,5.338278420526803e-07
475.0,2,2.161403333659204e-11,1.5443906440863106e-56,0.9999999999783995
476.0,2,1.4154382247043901e-30,4.3165012771600985e-14,0.9999999999999432
477.0,1,0.0005849968604718301,0.9994150031395245,7.347427616827371e-64
478.0,1,3.596089367262732e-13,0.9999988108432057,1.1891564470780031e-06
479.0,1,2.6013038476945603e-23,1.0,1.001661192818547e-27
480.0,0,1.0,1.1087070839721406e-42,1.712757514933336e-52
481.0,0,0.9999999999993747,6.223826894589057e-13,4.0205277871027046e-28
482.0,2,8.190907232576253e-13,1.604892365301364e-20,0.9999999999992042
483.0,1,3.181259713775692e-16,0.9988168057450328,0.001183194254972787
484.0,2,6.887665085188994e-05,0.02324293108327306,0.9766881922659026
485.0,2,6.917499324892924e-39,4.190979041489167e-14,0.9999999999999716
486.0,0,0.9999999999999432,4.0166679651748355e-15,3.6533950463036144e-14
487.0,2,1.5685510570011285e-07,1.0711032040318405e-05,0.9999891321128258
488.0,1,2.2920622168894394e-14,1.0,4.914188287515134e-81
489.0,1,0.0002716557679304385,0.9997283442320734,5.2078360065805786e-104
490.0,1,1.140300621361431e-09,0.999999998859721,1.731932435864746e-107
491.0,2,1.358293332350042e-34,1.0277841165912558e-10,0.9999999998972271
492.0,1,3.338365652142699e-18,1.0,4.972510527921802e-39
493.0,0,0.9999994824454095,5.175545771447376e-07,1.0128050590879468e-73
494.0,2,6.384037684650468e-18,6.272345336649116e-08,0.9999999372765294
495.0,0,1.0,7.606572065793967e-61,1.6744433535118776e-20
496.0,1,2.6312361292278177e-21,1.0,8.493595300329064e-35
497.0,2,1.7160548463963329e-43,2.967606473185699e-34,1.0
498.0,1,2.9663519465811576e-12,0.9999999999970441,1.3122719931301958e-20
499.0,2,6.141884775547345e-32,4.948302900065685e-16,1.0
500.0,1,5.916386981426387e-17,1.0,4.238478763108596e-16
501.0,2,9.837421778941943e-30,1.4311650464439069e-11,0.9999999999856755
502.0,1,1.9344710326530985e-22,1.0,6.390940233904485e-32
503.0,1,5.770396316090258e-05,0.999942296019919,1.6931689857425172e-11
504.0,1,2.475526560925276e-11,0.9999999999752731,2.376970794905008e-53
505.0,1,9.054064770851296e-26,1.0,1.8694886261372458e-14
506.0,0,1.0,3.504249789804564e-20,2.38938921628482e-32
507.0,2,7.050163030314778e-13,1.0760493073549827e-09,0.999999998923272
508.0,2,3.4000143244006005e-26,6.626471050430885e-13,0.9999999999993463
509.0,0,0.9999999998419185,4.8344127016067564e-14,1.5805202529162983e-10
510.0,1,0.006810633038548939,0.9931893667883058,1.7315110726951498e-10
511.0,0,0.9427393012828168,0.05726068152198904,1.7195180659717207e-08
512.0,1,9.496331558815546e-18,0.9959676613552414,0.004032338644755002
513.0,1,7.631602685502758e-16,1.0,1.9333697378913036e-32
514.0,0,1.0,2.4499753649608905e-63,3.126087299604807e-58
515.0,0,1.0,2.8189691517370202e-18,2.1280139214422382e-91
516.0,2,4.6612245245829384e-29,2.4066847299406645e-12,0.9999999999976126
517.0,2,4.822393034639352e-38,1.8971350039655075e-14,0.9999999999999716
518.0,2,8.804058393712446e-18,2.370089222847201e-13,0.9999999999997726
519.0,2,2.340399960385284e-12,1.0600081829221992e-27,0.9999999999976694
520.0,1,4.674366982475019e-21,1.0,1.7798846952597708e-14
521.0,0,1.0,1.7741341365340192e-31,5.91570446820119e-72
522.0,2,1.1003347765023086e-14,3.083310974959e-06,0.9999969166890209
523.0,2,6.976831925877473e-20,3.1429667377683624e-06,0.9999968570332891
524.0,1,1.5950298561169478e-13,0.9999999999998295,1.5420388272747357e-30
525.0,1,6.864088087258199e-20,1.0,3.459353696353323e-52
526.0,1,5.472717024771924e-25,1.0,7.620044679197849e-38
527.0,1,3.1630046100014627e-19,0.9999999998213411,1.7867213416354272e-10
528.0,1,0.007244801367462864,0.9927551986325573,9.515515730218951e-44
529.0,1,1.108758488826297e-15,1.0,1.325882410622012e-24
530.0,2,8.585481785903888e-23,2.733829037740881e-19,1.0
531.0,0,1.0,7.943989404873202e-20,1.5835106466458535e-95
532.0,2,2.0400672722485717e-28,2.762346737210452e-16,1.0
533.0,2,1.0420892300730946e-19,1.8939267492848958e-15,1.0
534.0,2,4.786398139127845e-05,7.779201513377862e-10,0.9999521352406646
535.0,0,1.0,2.4318387174113676e-24,2.5880368817204992e-151
536.0,0,0.9990078770085709,2.3615321886996022e-20,0.0009921229914520747
537.0,0,1.0,7.453731525425514e-18,2.845104132468171e-34
538.0,1,1.2788094784137244e-09,0.9999999987211936,2.053212978630518e-55
539.0,0,1.0,8.097529567723136e-21,6.281256164496684e-72
540.0,1,9.599121545296054e-11,0.9999999999039915,8.898492945262808e-17
541.0,2,1.1010290736429554e-39,2.3337109437329588e-24,1.0
542.0,1,1.0038031744353275e-14,1.0,2.2177542685867292e-20
543.0,0,1.0,2.8142748590235737e-197,8.618049650138216e-207
544.0,1,1.71530528963643e-10,0.9999999998284466,9.070706428760888e-35
545.0,0,0.9943145039006352,0.005685496099355065,3.414537285492913e-28
546.0,1,0.0035641279053782423,0.9964358534668778,1.8627750498647237e-08
547.0,1,1.6835409518505596e-18,1.0,3.0115630562789624e-71
548.0,1,5.903573671481321e-05,0.9999409642632889,2.1552732051768346e-22
549.0,2,3.524498181109266e-10,1.1442800369398333e-32,0.9999999996475708
550.0,0,0.9999999714241885,2.8575795764216357e-08,6.366718287249743e-60
551.0,1,1.1190882499537623e-10,0.9999999998880753,7.718531606039401e-56
552.0,0,1.0,3.16731435320473e-35,1.394346695947472e-37
553.0,2,2.1975212109238176e-31,4.323990345458989e-27,1.0
554.0,2,3.85726104089963e-21,2.8916571377949797e-09,0.9999999971083184
555.0,0,0.9999999999891998,1.082138219070603e-11,4.0752379216640454e-35
556.0,0,1.0,1.1820355512932277e-47,5.5208533555368845e-114
557.0,1,0.0145400507878093,0.9854599492122028,5.210710530643296e-31
558.0,1,0.00039119707525306103,0.9996088029227854,1.947448146309459e-12
559.0,2,5.0160598967274725e-25,2.1022842481124785e-09,0.999999997897703
560.0,0,1.0,6.950349307015649e-51,2.827995134328136e-87
561.0,1,1.6383446440485998e-11,0.9999999999836291,1.1630704360896152e-38
562.0,0,1.0,5.617657615782294e-33,6.080517062123076e-62
563.0,2,3.685627262369032e-27,1.63240036161024e-05,0.9999836759963584
564.0,0,1.0,6.127007807631717e-20,1.8431544754856292e-44
565.0,1,2.3135402024682107e-22,1.0,2.3008791935878915e-49
566.0,0,1.0,5.387908001233284e-53,1.1090077557307523e-96
567.0,1,2.5570425844360677e-11,0.9999999999744205,1.3997084002282598e-33
568.0,0,0.9999869354477,1.3064552272602791e-05,3.160176983204217e-68
569.0,0,1.0,4.1459180855274167e-63,1.8397296068515933e-78
570.0,1,1.7056872816410685e-08,0.9990081556554911,0.000991827287623714
571.0,1,9.988088851679405e-05,0.9999001191115073,2.8952677979034793e-65
572.0,0,0.9999998209855381,1.7901448330967185e-07,8.528721566041564e-39
573.0,0,1.0,3.448989515107973e-23,1.0462483607201074e-60
574.0,2,3.4987668706399446e-22,6.610701417216787e-13,0.9999999999993463
575.0,1,2.0227336285028605e-33,1.0,8.751872842951954e-61
576.0,1,5.990638082440665e-14,0.9999999999999432,1.6231132738114843e-33
577.0,0,0.999984653131249,1.5346868749109155e-05,3.7627806701891446e-89
578.0,2,1.0555056638991458e-37,7.821407499616824e-11,0.9999999999217835
579.0,1,2.5801427039287283e-11,0.9999708505462254,2.9149427963302297e-05
580.0,2,3.3089605855117715e-19,1.7236038113236495e-08,0.9999999827639671
581.0,1,2.3553893281794866e-20,1.0,4.976398662204649e-24
582.0,1,8.119383547042452e-07,0.9999991569674337,3.109419952862689e-08
583.0,2,7.320499909425288e-13,0.04560955698396089,0.9543904430152993
584.0,2,1.8729322046947167e-19,1.6818574424348811e-13,0.9999999999998295
585.0,2,1.6552316007868665e-32,1.3808865782066295e-15,1.0
586.0,0,1.0,2.0871950278654314e-28,1.1371902684699972e-43
587.0,0,1.0,1.3433549130193991e-61,9.879389689409849e-113
588.0,2,2.256266862901496e-44,2.8519849443226838e-15,1.0
589.0,2,2.2778278177435724e-37,5.614266799172776e-11,0.9999999999438671
590.0,0,1.0,1.3156673005183174e-35,1.7898569386988657e-48
591.0,2,9.016654794815288e-29,4.7954533370331135e-68,1.0
592.0,0,0.9999999329252796,6.707469641287849e-08,3.8058656168326366e-22
593.0,1,3.7723720038088435e-15,1.0,7.627269019958579e-30
594.0,0,0.9999999901997967,9.800173757713191e-09,2.795853317092476e-14
595.0,0,0.9996977049724532,0.00030229502756428533,7.555711589051148e-77
596.0,0,1.0,2.8739726862550636e-68,4.4917819530711754e-94
597.0,2,9.328230255831488e-49,9.449869118319385e-28,1.0
598.0,1,7.156245871168469e-13,0.999999999999261,4.2426396396367715e-29
599.0,0,1.0,3.9340811510239785e-19,2.9960049393655125e-19
600.0,1,0.00011059900564366308,0.9998894009943329,1.5200999871070325e-76
601.0,1,6.325871126003167e-08,0.9999999367412349,4.8834836801533746e-14
602.0,1,9.805605651528428e-17,1.0,1.177658911606805e-75
603.0,1,1.239686659170765e-22,1.0,1.5627281154567398e-29
604.0,1,2.4552598207827343e-16,1.0,4.8518354453465724e-29
605.0,2,4.904669504456718e-27,1.2617401854580527e-10,0.9999999998738076
606.0,1,2.450061508312639e-15,0.9999999997195914,2.8040014791191446e-10
607.0,1,3.394612029505469e-07,0.9999996605387772,1.3360420475033223e-51
608.0,2,5.496733811282018e-32,1.7578742859099784e-15,1.0
609.0,2,6.799203831418226e-07,1.9279306564087455e-15,0.9999993200796136
610.0,2,7.43188775307545e-05,1.4535404649034294e-17,0.999925681122467
611.0,1,9.391962561518111e-10,0.9999785432723457,2.1455788450660623e-05
612.0,2,1.957328459073125e-18,2.398989122491027e-34,1.0
613.0,1,1.4386235188820487e-16,0.9999999999998295,1.8790623869585073e-13
614.0,2,1.1034029485767772e-20,7.904953218646925e-07,0.9999992095046648
615.0,1,4.753114581588081e-19,1.0,6.314759740531611e-21
616.0,0,1.0,2.22834488020037e-59,4.5012232227229566e-29
617.0,1,2.320605333076502e-15,1.0,1.0123724897230003e-31
618.0,0,1.0,1.130857281658889e-49,3.134599173094033e-79
619.0,1,2.138187549952597e-25,1.0,1.0006382897667706e-48
620.0,0,0.9999999621304603,3.786952880416202e-08,2.14637660722505e-70
621.0,1,0.0017265226327974493,0.9982734773672158,1.446426838590974e-70
622.0,0,1.0,3.063799115769269e-46,6.920214933791956e-120
623.0,0,1.0,5.823562442415051e-18,8.172984576106969e-51
624.0,1,1.3199527609328908e-23,1.0,7.131324532909053e-21
625.0,2,3.3769854511696182e-21,2.1345519194430964e-25,1.0
626.0,2,1.3075561007903734e-21,1.2185418707374024e-06,0.9999987814581494
627.0,1,1.506182369315484e-14,0.9999999999999716,1.0579164209112423e-25
628.0,1,3.7718981640330176e-14,0.9999999999999432,4.197683726129082e-49
629.0,0,0.9999999999690772,7.563292146188228e-25,3.094378218231897e-11
630.0,1,5.518623474975014e-28,1.0,2.057436198378422e-17
631.0,2,2.2649473819184413e-14,5.55086095010847e-06,0.9999944491390254
632.0,1,0.0001867993722151419,0.9998132006277926,2.646930670685552e-22
633.0,1,1.3217183612176857e-20,1.0,4.250111553449674e-17
634.0,0,1.0,7.812460112327062e-86,8.538194309687277e-95
635.0,2,1.3907413622455327e-18,2.356275014714256e-63,1.0
636.0,1,1.3120833115187863e-13,0.9999999999998863,8.534018709174206e-74
637.0,0,0.9999999868371675,1.316285355970137e-08,3.5866746499677055e-30
638.0,1,4.328893557687185e-18,1.0,3.013326243069159e-82
639.0,2,8.093599817919221e-23,2.2587755070554447e-11,0.9999999999774332
640.0,2,7.815345990843868e-21,3.248192992278366e-14,0.9999999999999432
641.0,0,1.0,1.098457076436252e-24,5.998324326895601e-17
642.0,1,1.2427882977454472e-14,1.0,4.399068788008803e-22
643.0,1,1.4943586990484245e-17,1.0,2.2706913378265235e-37
644.0,1,6.437848762791067e-07,0.9999993562151216,1.6990465460219474e-16
645.0,1,1.3216726692107572e-24,1.0,5.407921028260343e-33
646.0,1,2.7993122020444424e-07,0.9999997200687681,2.9436298938973975e-45
647.0,2,1.4650432824220498e-30,8.35199249031466e-18,1.0
648.0,1,1.920699836325142e-09,0.9999999980792893,2.9653055530856433e-67
649.0,2,2.7196808016337145e-08,3.472287590163972e-06,0.9999965005156196
650.0,2,1.8252419640037366e-15,4.4848021934649745e-17,1.0
651.0,2,3.225412201295644e-20,1.7825083676556207e-15,1.0
652.0,2,6.262131898948348e-21,3.024849180420884e-06,0.9999969751508208
653.0,2,1.4108294764003847e-27,2.9295788979838256e-13,0.9999999999997158
654.0,0,0.9999999999280362,7.193853777445617e-11,5.688650197171362e-55
655.0,0,0.9914187958044162,0.008581204195596196,1.3341652099681096e-37
656.0,1,1.953799793090279e-28,0.9999997817254734,2.1827452440060893e-07
657.0,0,1.0,6.807243678486442e-54,4.6120112300126724e-64
658.0,1,2.0430557662660063e-27,0.9999999999961346,3.885083183058592e-12
659.0,1,2.296293150452457e-21,0.9999999971917077,2.8082838126470855e-09
660.0,2,8.942148268184122e-32,3.6276352557858106e-13,0.9999999999996305
661.0,0,1.0,1.0546029661882039e-115,0.0
662.0,2,7.27905324479404e-20,2.7091666072433492e-17,1.0
663.0,1,4.145795584218797e-06,0.9999958542043819,2.0885991319671886e-14
664.0,2,7.111071875252572e-38,1.384899331680153e-20,1.0
665.0,2,1.6334002123641013e-29,2.735108105551271e-11,0.9999999999726583
666.0,0,0.9999931696836124,6.830316397888962e-06,2.548479857117654e-40
667.0,1,0.0013131104580075548,0.9986868895417947,1.9618313960816857e-13
668.0,0,1.0,2.866721512637657e-162,2.3659912252761494e-187
669.0,2,8.695333527624454e-22,2.647195538009446e-07,0.9999997352804608
670.0,2,1.9518906647991218e-38,3.5690432650469265e-15,1.0
671.0,2,9.33500897380055e-09,1.420205785531501e-07,0.9999998486444043
672.0,2,2.615773516637376e-28,0.0001499535063672041,0.9998500464936455
673.0,2,1.5623704068759887e-33,5.295191267650202e-36,1.0
674.0,1,6.408715888782227e-10,0.9999858120300846,1.4187329051760765e-05
675.0,1,1.6474585985283755e-10,0.999996987661849,3.0121734055784444e-06
676.0,1,1.0016771518313644e-14,1.0,1.2915697956251974e-25
677.0,0,1.0,4.3221684755401384e-40,2.978155427115018e-122
678.0,2,9.480769681957583e-27,4.4213550949728086e-32,1.0
679.0,2,8.140435221511627e-40,1.3278188487797356e-38,1.0
680.0,2,0.00016109726439461137,3.588246280526124e-13,0.9998389027352697
681.0,2,4.0140799946241365e-36,1.7127842138629926e-05,0.9999828721578568
682.0,2,2.3425936096865185e-12,0.0003841500795446711,0.9996158499181025
683.0,1,1.5436640419422197e-21,1.0,2.7994964834451326e-47
684.0,0,1.0,5.483619321722569e-85,2.623826333988457e-24
685.0,0,1.0,2.3938292023743812e-21,3.1684996861537795e-83
686.0,2,1.3590623947477347e-29,4.623560300731114e-27,1.0
687.0,1,4.635684650476599e-29,1.0,7.935748065329099e-22
688.0,0,1.0,2.090841379781514e-42,1.819180999638913e-38
689.0,2,4.113920229023812e-34,8.257730773651388e-22,1.0
690.0,2,8.273472805454092e-17,6.325641208881057e-10,0.9999999993674464
691.0,0,1.0,3.209276892063867e-35,5.450423059720227e-48
692.0,2,1.47006394174917e-23,5.207385744381745e-18,1.0
693.0,0,0.9999990159352318,2.1527688421939143e-13,9.84064538666561e-07
694.0,2,1.931689674259205e-28,4.764828016720026e-71,1.0
695.0,1,4.4197303795584e-10,0.999999999558014,4.570433205828809e-18
696.0,1,6.318880046181372e-08,0.9999999368112091,1.2252186324913926e-88
697.0,1,3.996959037954339e-18,1.0,1.4346179103345165e-24
698.0,0,0.9829678833205766,0.017032116679444875,4.007532739030881e-82
699.0,1,1.1867807865033212e-24,1.0,7.739890748882484e-75
700.0,0,1.0,4.475600531160024e-15,3.620309818078595e-52
701.0,0,1.0,3.70469236893169e-94,3.7911346964912027e-211
702.0,2,2.7205556080439023e-41,1.7771597464120809e-34,1.0
703.0,1,3.653994862834884e-06,0.9999963460051301,2.607589985633874e-35
704.0,1,2.3078309408949876e-15,1.0,3.4848194886068435e-32
705.0,1,2.4792638048202836e-19,1.0,2.5122098736730244e-35
706.0,1,1.3365969728853473e-23,1.0,7.331637764497118e-50
707.0,0,0.966352856019693,0.0336471439802872,3.5977359065327288e-28
708.0,1,4.069155993107662e-05,0.999959308440054,9.758873998410375e-138
709.0,1,4.566858474007117e-16,1.0,1.62372896707616e-44
710.0,1,1.6495131113727412e-14,1.0,3.041265197603335e-31
711.0,0,1.0,0.0,0.0
712.0,2,8.864031960104866e-48,5.854061410226618e-28,1.0
713.0,1,4.4345269214670296e-20,0.9999996771603842,3.2283960878266676e-07
714.0,1,0.00014090366323040043,0.9998590963367434,4.088759773479038e-49
715.0,1,5.187065335046969e-15,0.999945067595109,5.4932404883538516e-05
716.0,0,1.0,9.960826919505914e-28,3.3033727330218924e-56
717.0,1,1.5890151065841877e-15,1.0,3.4086909625249674e-15
718.0,1,2.1170678711033054e-08,0.9999999788292941,2.2468071382562428e-26
719.0,0,0.9999999995284838,1.390540259080636e-25,4.715303650827356e-10
720.0,0,0.998065789839261,0.0019342101607624832,1.1898609042942126e-102
721.0,0,1.0,7.529000843103096e-18,9.840847191532992e-100
722.0,1,2.83342673828572e-17,1.0,1.696063563901141e-16
723.0,0,0.9999999999865281,1.3456720544129065e-11,2.0478313022082333e-24
724.0,1,1.660409949380912e-11,0.9999998434650885,1.565183172175508e-07
725.0,2,1.2175781254828382e-27,8.620242414493146e-13,0.9999999999991473
726.0,0,1.0,6.143097480621764e-26,3.65934285949181e-80
727.0,1,2.4808697709266882e-24,1.0,1.2183761859436532e-42
728.0,1,1.0942182001774012e-07,0.9999998905781868,3.173786569622535e-45
729.0,0,1.0,1.492176580843569e-81,7.543424484247527e-58
730.0,1,7.382268477691184e-22,1.0,8.272570327586247e-67
731.0,0,1.0,2.262432247203562e-49,1.9251500668943843e-193
732.0,0,1.0,1.3806612927392112e-15,7.364019789782256e-145
733.0,0,0.9999999999994031,5.892744651508252e-13,3.1351899022658417e-27
734.0,1,1.3828179199748846e-21,1.0,5.462243378852119e-17
735.0,1,2.1117745223830973e-18,0.9999998262999137,1.7370008409119002e-07
736.0,1,1.703535527669689e-08,0.9999999829646528,1.0080979284781643e-17
737.0,0,1.0,8.843767290844732e-24,1.809671738697561e-46
738.0,1,9.294074409654505e-25,0.9999999998837552,1.1625342996881894e-10
739.0,1,7.787314488152986e-11,0.9999610695027491,3.893041938970766e-05
740.0,0,1.0,1.1555950305776017e-16,1.6864280741502775e-74
741.0,1,3.154513942696925e-18,1.0,1.0332444300868426e-54
742.0,1,5.077233082745753e-17,1.0,3.4454992494802725e-60
743.0,1,4.141072667733679e-21,1.0,1.568292586364632e-32
744.0,0,0.9999723095960237,2.769040394957024e-05,3.235231015740885e-25
745.0,0,1.0,2.343913594472375e-14,1.114735292791569e-65
746.0,1,7.782325957509976e-14,0.9999999999999432,1.2792353463400917e-21
747.0,0,1.0,9.875213102370209e-73,1.209131584145673e-120
748.0,0,1.0,5.6969375950341184e-42,5.99401663132966e-24
749.0,0,1.0,1.0332655766488618e-225,4.681273776652474e-270
750.0,0,0.99986335793672,0.0001366420632730082,4.201620032695136e-22
751.0,0,1.0,5.878887230642109e-100,1.977817616502964e-204
752.0,0,1.0,1.0846197242371975e-38,7.804119530115859e-20
753.0,1,1.2525311082528487e-05,0.9999874746889061,9.454761451521956e-36
754.0,0,1.0,4.3274361086893235e-20,1.5868750199541773e-25
755.0,2,2.870699339766353e-39,4.972515871087897e-32,1.0
756.0,2,6.985625280521441e-21,2.406800207664145e-09,0.9999999975931928
757.0,0,1.0,3.495230661777654e-29,1.1852591076999636e-115
758.0,0,0.9999979852626498,2.014737363583031e-06,1.5962134964330262e-50
759.0,2,4.23366325711412e-27,7.84444941577114e-06,0.9999921555505735
760.0,1,3.6996563779393565e-07,0.9999996300343357,3.3969675196405865e-17
761.0,1,1.7944666448972547e-07,0.9999998205533577,5.829622091520913e-52
762.0,0,1.0,2.2496725354583952e-29,2.222598713878064e-57
763.0,2,9.621955513334984e-37,4.499261722020521e-18,1.0
764.0,0,1.0,4.959792429719753e-53,3.961058132785533e-25
765.0,0,1.0,1.489697873693171e-33,5.688232928674433e-29
766.0,0,0.9999985151531742,1.4848468337109568e-06,1.915220357786727e-17
767.0,0,0.9999999381973926,6.180258750999913e-08,8.369106513442711e-16
768.0,0,1.0,1.649735254692096e-45,5.251301118730038e-71
769.0,0,1.0,2.0302439234895036e-61,2.0318822284891736e-90
770.0,2,0.00851674282189997,0.013595055199515833,0.9778882019785649
771.0,1,4.377687863085903e-21,0.9986057141613007,0.0013942858386965938
772.0,0,1.0,4.2374694192490414e-61,2.6358235741994303e-110
773.0,0,1.0,4.2832722053113926e-27,2.1410684622101274e-78
774.0,1,9.416079341043316e-21,0.9999999999947136,5.291352603605388e-12
775.0,0,1.0,1.384465953779914e-82,6.995543469241635e-302
776.0,1,7.71252743064326e-17,0.9973281223185029,0.002671877681524099
777.0,1,2.7286771986976113e-25,0.9999419314827468,5.8068517254243486e-05
778.0,0,1.0,4.615492591038e-97,1.5050808930067351e-118
779.0,0,1.0,3.788010773818117e-80,1.5736358752902086e-112
780.0,0,1.0,1.9508748961712158e-14,3.8821797503096773e-59
781.0,2,1.0128389528627262e-14,1.233789855002485e-09,0.9999999987662136
782.0,0,1.0,2.5093026235877237e-14,4.8788908142069756e-60
783.0,1,7.993923352258764e-11,0.9999999999200497,2.5166735823728573e-22
784.0,1,3.199541560233415e-14,0.9999999999999432,2.5171618504589103e-68
785.0,0,1.0,6.892039262044709e-17,3.1590897960048687e-91
786.0,0,1.0,8.565050613370815e-30,1.9642347316478407e-25
787.0,1,2.054235775514815e-06,0.999997945764228,7.785814307687286e-55
788.0,0,1.0,1.1044000066659313e-31,8.528253278344942e-64
789.0,0,1.0,4.609263280986987e-24,1.9583002898609354e-36
790.0,0,1.0,1.527077526344411e-43,3.180581633311512e-61
791.0,2,7.27081422921848e-35,2.1683802793428886e-15,1.0
792.0,0,0.9999999974454568,2.5545439246494894e-09,3.90749207605094e-59
793.0,1,1.772922593500421e-17,1.0,3.7758687303413926e-49
794.0,0,0.9999999999999432,5.546892314825956e-14,6.566492667830591e-84
795.0,0,0.9999999996451265,3.5486067861161553e-10,5.468692513973315e-28
796.0,0,1.0,9.927664350205753e-52,1.192092694454107e-129
797.0,1,8.652502326760293e-22,0.9999975897383763,2.4102616132329116e-06
798.0,2,1.0990852653669658e-05,1.1639574304199781e-17,0.9999890091473598
799.0,2,2.531150318457962e-24,1.0141929915493262e-19,1.0
800.0,1,3.3335438148696504e-20,1.0,8.899929561830664e-18
801.0,0,0.9999999999488978,5.1081405345140674e-11,1.0347027429581595e-18
802.0,1,1.6530565204437017e-14,0.9999999999999716,2.696748108560715e-32
803.0,2,1.5670601203873463e-17,0.003960670128786455,0.996039329871203
804.0,1,7.079933428852025e-10,0.9999999992920152,7.235367030908741e-58
805.0,0,1.0,1.7978825461627426e-15,5.065354429055163e-28
806.0,1,2.713334193644068e-07,0.9999997286665603,2.987215200923828e-78
807.0,2,1.2608823861961802e-33,5.487665403456672e-21,1.0
808.0,2,6.428009637724714e-35,6.229153319415441e-21,1.0
809.0,2,2.0031639177404224e-25,7.218032806156297e-23,1.0
810.0,0,1.0,6.244338356800605e-57,3.5109712951070093e-109
811.0,1,1.3723644367351713e-14,0.9999999993675601,6.324461009958711e-10
812.0,1,1.1084607799374474e-23,1.0,1.9527927978123937e-56
813.0,0,0.8765929753320959,0.12340702466791034,6.731302974147758e-72
814.0,0,1.0,6.704932740350848e-64,1.7265034326345085e-161
815.0,0,1.0,2.854795075743626e-61,2.6530943795328565e-60
816.0,1,1.9376715967753024e-40,0.9999999999147349,8.526292305292254e-11
817.0,1,2.244973947965506e-09,0.999999997755026,8.911277654044412e-43
818.0,0,1.0,5.043172138754477e-53,5.612387234644977e-120
819.0,2,6.116750233157962e-10,0.0002895448904395256,0.999710454497909
820.0,1,3.7732436078547867e-07,0.9999996226756168,2.3824192307991525e-18
821.0,0,1.0,4.609900505370406e-32,3.9524487740529626e-51
822.0,1,1.084077015617868e-07,0.9999998915922733,4.162697812512005e-20
823.0,0,0.999999963382266,3.6432006205462155e-08,1.8571325155655965e-10
824.0,2,1.7018404666371593e-22,4.540624325202908e-12,0.9999999999954525
825.0,0,1.0,1.0493235937078871e-18,7.390661035345511e-51
826.0,2,7.326929652360548e-21,1.855843894241859e-12,0.9999999999981242
827.0,2,4.613191431215467e-17,1.4443792323398102e-09,0.9999999985556087
828.0,2,1.6633567547066882e-29,2.6673330109824265e-37,1.0
829.0,0,0.9999998330825545,1.6691743507863973e-07,8.253150557354888e-50
830.0,2,9.86947514252048e-31,2.6565066963508925e-19,1.0
831.0,2,1.993160954602184e-18,6.923370827828567e-12,0.9999999999930651
832.0,1,2.1467707514489388e-18,1.0,4.824133533380443e-33
833.0,1,1.8708797487520108e-15,1.0,1.4780685839968815e-18
834.0,0,0.9999900534158566,9.946511806107722e-06,7.23452059292022e-11
835.0,0,1.0,4.505594461903086e-64,3.643641755704963e-111
836.0,0,0.9999349022054401,2.221057846634049e-18,6.509779458333556e-05
837.0,1,4.932887731479064e-20,0.9985618416562174,0.0014381583437822003
838.0,2,3.0028405488938823e-22,2.605407815402871e-34,1.0
839.0,2,6.905125912487764e-41,1.631218367716981e-42,1.0
840.0,2,6.196413101209424e-27,3.6891861154102286e-27,1.0
841.0,0,1.0,1.261464212807146e-16,3.408649597763532e-76
842.0,1,2.2568118083617447e-24,0.999420135230189,0.0005798647698093885
843.0,1,1.8637700479150887e-12,0.9999999999981242,5.000933400218797e-24
844.0,0,1.0,1.0861021868552264e-41,1.2787962474418484e-80
845.0,2,1.622772878097132e-28,2.5186822797037154e-15,1.0
846.0,0,0.9999976417676588,2.201904977570818e-57,2.358232348237271e-06
847.0,2,5.1017216727920866e-27,8.646451879060449e-26,1.0
848.0,0,1.0,1.0589385510262023e-52,3.1284258935072334e-38
849.0,2,8.716554392308765e-09,7.948318462467723e-19,0.9999999912834596
850.0,0,1.0,5.111857619180851e-18,2.7875490481512573e-58
851.0,0,0.9904536769967142,1.561768157252053e-08,0.009546307385577353
852.0,1,7.92423639542804e-09,0.9999999920757432,5.952353866757992e-87
853.0,2,1.4060547492363438e-30,2.3074711180487804e-12,0.9999999999976694
854.0,2,4.7788645402728175e-09,4.495058798351794e-09,0.9999999907260531
855.0,2,2.8864992811109776e-19,2.1203436332484052e-07,0.9999997879656288
856.0,2,1.2126772600049863e-17,9.909877451521712e-12,0.9999999999900808
857.0,1,2.432547636873703e-20,1.0,7.805386416003857e-40
858.0,1,1.9105562425154306e-16,1.0,2.457882125150028e-16
859.0,2,2.807311591295798e-24,1.1481998062369539e-06,0.9999988518002053
860.0,2,7.553470482103022e-34,2.8074424395032828e-18,1.0
861.0,0,1.0,3.4307767581444915e-29,3.381303344248688e-79
862.0,0,1.0,9.084869492563552e-39,2.7294606055054855e-22
863.0,1,2.4966667859765573e-06,0.9999975033332379,9.835846663003682e-47
864.0,0,1.0,3.749822316150372e-60,1.7034438807881488e-49
865.0,2,1.1886367371969348e-09,0.028283441412710657,0.9717165573986416
866.0,1,2.6252081165299853e-11,0.9997203046001142,0.00027969537365590873
867.0,0,1.0,3.011960589625913e-101,1.718815065095695e-102
868.0,2,1.0393804435833874e-45,2.1632411391220956e-28,1.0
869.0,1,3.8353760756440054e-16,1.0,4.569293334556458e-94
870.0,0,1.0,8.87989859064081e-26,3.1588895691520444e-60
871.0,1,4.503371644533777e-06,0.9999954966283661,1.7336280631413148e-55
872.0,2,1.002977028969187e-22,3.0734973583592374e-07,0.9999996926502678
873.0,0,1.0,3.8379297188931854e-16,2.3587409788739427e-33
874.0,0,0.9999222401005585,7.775989941801756e-05,6.469934689817479e-23
875.0,1,1.3847596894737929e-24,0.9739974358150855,0.026002564184927444
876.0,2,1.0360967372389657e-20,1.9264879806829085e-17,1.0
877.0,1,1.0122333261331324e-19,0.9999999310236684,6.897633391574436e-08
878.0,1,1.0781636370665479e-12,0.99999999999892,1.2198551220711473e-18
879.0,1,2.5983520298279197e-13,0.9999999999997158,7.890676342738707e-44
880.0,2,6.1566366394441676e-24,1.0823814068104183e-07,0.9999998917618372
881.0,1,7.672135274799971e-12,0.9999999999923261,7.08320258512031e-69
882.0,2,2.1750475200213966e-43,2.9177024760096996e-28,1.0
883.0,2,2.640347683756007e-32,4.702462120980588e-13,0.9999999999995168
884.0,1,1.8464581551319595e-14,0.9999999999999716,1.2002221733262714e-22
885.0,0,1.0,1.2160843144940892e-141,0.0
886.0,0,0.9999956950279634,4.304972046586456e-06,2.6897491564554875e-45
887.0,0,1.0,2.4776003933116712e-76,1.0796817049152135e-27
888.0,2,8.852252674634177e-46,1.9575679257030642e-26,1.0
889.0,2,3.8201478882026003e-22,0.09596852502010982,0.9040314749798893
890.0,0,1.0,4.8416115235902e-26,1.6245992138963707e-62
891.0,0,0.9999999999998295,1.9201928900585418e-13,1.3434728674946816e-27
892.0,2,5.582814226380454e-35,1.5566411188390637e-09,0.9999999984433714
893.0,0,1.0,9.426730895499306e-15,6.730769746555688e-25
894.0,1,3.0018217457046066e-12,0.9999999999969873,4.287922884699465e-27
895.0,1,2.5833486927021576e-05,0.9999741665130467,1.012106974947708e-36
896.0,2,1.2436259853915424e-10,0.000509246942962972,0.9994907529326831
897.0,1,3.8109607167196826e-11,0.9999999999619149,2.722658599606156e-38
898.0,0,1.0,1.7019965374821677e-31,1.0148778142519919e-87
899.0,2,1.4339694681769028e-41,1.8553652091515595e-13,0.999999999999801
900.0,0,1.0,7.699275232308235e-57,5.058784192936777e-91
901.0,2,6.985143711707556e-39,6.421674335271368e-28,1.0
902.0,1,3.9274471023942395e-15,1.0,2.993859326251457e-56
903.0,2,6.166250359032266e-28,0.00010324285982858821,0.9998967571401798
904.0,2,6.398896481047394e-37,6.092848931951029e-23,1.0
905.0,2,2.0991958580303298e-44,7.884095473763395e-26,1.0
906.0,0,1.0,1.65946045393373e-25,6.665011985299479e-63
907.0,0,1.0,1.1799759349807646e-14,1.0942757682128741e-26
908.0,1,5.782585891627232e-28,0.9999997956162683,2.0438374254764293e-07
909.0,1,2.8168298124518347e-17,1.0,5.323321025105263e-17
910.0,1,1.6727700745042755e-25,1.0,1.4928750953982e-54
911.0,1,1.4541072184554634e-28,1.0,1.6603345637473826e-64
912.0,2,2.850465701390054e-30,6.392801631555179e-16,1.0
913.0,1,1.96084121827799e-06,0.9999980391588008,3.7169459189980414e-65
914.0,1,6.506893866584301e-09,0.9999999934915422,1.5505750117136336e-12
915.0,2,4.661637311274322e-27,2.855042553792841e-07,0.9999997144957556
916.0,0,0.9750452473010129,0.02495475261378891,8.518392102068982e-11
917.0,0,0.9999999861278753,1.3872129227996795e-08,3.0618581980363478e-121
918.0,0,1.0,5.309365383465955e-19,2.1016306723246114e-23
919.0,2,1.9999443778820337e-49,1.8182519226265255e-30,1.0
920.0,0,1.0,2.943993785343461e-261,2.9619642870136285e-238
921.0,1,1.2475505808609839e-18,0.9999999999974989,2.4943783996829927e-12
922.0,2,0.0002628860054369321,7.763017829522084e-14,0.999737113994468
923.0,0,1.0,6.582012812957456e-17,8.959097787527636e-45
924.0,1,1.525558428618225e-29,1.0,2.894087133952194e-43
925.0,2,8.671203365700097e-27,0.0012848930541555636,0.9987151069458429
926.0,1,1.3244549108790586e-16,1.0,2.42940724443016e-29
927.0,0,0.9999999999998863,1.0401126457730302e-13,4.337845419237033e-81
928.0,2,0.00014515553438564804,1.6415041726704665e-09,0.9998548428241034
929.0,2,4.793379661663787e-28,0.004663760422645719,0.9953362395773463
930.0,0,0.9999998812422248,1.2282124183554124e-30,1.1875779844897742e-07
931.0,1,4.56213219149733e-19,1.0,1.1383453923618934e-19
932.0,0,1.0,4.459755020629117e-21,1.3463094941554736e-53
933.0,0,1.0,1.2817867985758753e-76,2.142499509713038e-69
934.0,1,6.989763253752369e-18,1.0,8.109294885218202e-58
935.0,2,6.510461458314894e-46,2.806188743203557e-25,1.0
936.0,0,1.0,9.734348347174167e-21,1.5344783284607905e-143
937.0,0,1.0,8.541235130831541e-79,3.08030194518068e-211
938.0,1,3.243692326832199e-06,0.9999967563076978,3.0022595366719812e-50
939.0,2,7.309561596168428e-24,6.665133205044069e-15,1.0
940.0,1,1.1786541396755377e-13,0.9999999950924803,4.9073889649724294e-09
941.0,1,6.6603390405391174e-12,0.9999435820783366,5.641791499122198e-05
942.0,0,0.9991953283540184,0.0008046716459560096,1.526683619825562e-53
943.0,2,3.079393983370602e-39,8.890973734124172e-31,1.0
944.0,0,1.0,5.025427929070434e-90,2.891799826574846e-111
945.0,2,3.3463294316864187e-45,4.321780889555761e-25,1.0
946.0,1,3.4573136121205026e-08,0.9999999654268669,3.8319340792404366e-31
947.0,2,2.872229602943886e-27,4.7476248855305225e-11,0.9999999999525357
948.0,1,7.404383888112465e-22,0.999999996329791,3.6701991376746455e-09
949.0,1,0.010386530386502151,0.9896134696117429,1.7690291144674415e-12
950.0,2,4.455631633571225e-38,5.1113952183930574e-11,0.9999999999488978
951.0,1,2.1610736282207827e-17,1.0,1.0319303031316277e-14
952.0,0,1.0,4.353723985392429e-44,8.393454325068864e-107
953.0,0,1.0,9.789262181511926e-41,7.0628166310237935e-130
954.0,1,7.884115750070101e-29,0.9999999999747047,2.5298311123476313e-11
955.0,2,1.9952346679157633e-35,4.208172353669677e-40,1.0
956.0,1,1.337485959076813e-10,0.9999999998662474,6.212732822090165e-47
957.0,2,7.013932782464306e-24,4.184339687262847e-12,0.9999999999957936
958.0,1,3.8530075103628655e-12,0.9999999999961346,1.0258358683570872e-18
959.0,0,1.0,3.6978273627501413e-19,1.6299974572381074e-49
960.0,1,6.88147959510813e-29,1.0,4.1713766793598797e-81
961.0,1,1.378483095962451e-29,1.0,1.1187237447918345e-38
962.0,1,2.3280431942450004e-11,0.9999999999766942,2.219019846819477e-62
963.0,1,4.077994728782452e-08,0.9999999592200773,7.031956514390433e-25
964.0,1,1.0684856214184478e-28,0.9999999999997726,2.1888241729038143e-13
965.0,1,1.1351197474717287e-09,0.9999999988648938,5.648773907349418e-37
966.0,2,0.0003008577945619735,4.615120181447185e-25,0.9996991422054132
967.0,1,2.357303908009648e-36,1.0,6.353767572545065e-35
968.0,2,1.688797583042107e-21,5.5255383482801054e-21,1.0
969.0,0,0.9999999998799467,5.429991914180895e-11,6.577163267445125e-11
970.0,0,1.0,1.1931828164641835e-75,5.810583808687108e-70
971.0,2,6.91173085006052e-43,8.626582362291958e-21,1.0
972.0,1,2.3361367919898117e-37,0.9999999999703846,2.9621471324642987e-11
973.0,1,6.69663741406688e-17,1.0,3.1218567778458755e-98
974.0,2,4.89799037904372e-29,3.11204477444315e-16,1.0
975.0,2,3.492315837592854e-46,7.76500427811337e-22,1.0
976.0,0,0.8256349449565056,0.17422733404705723,0.0001377209964336121
977.0,0,1.0,2.389874834210163e-29,1.28378784939723e-68
978.0,2,1.7173250857975545e-08,0.00021825588685697988,0.9997817269399084
979.0,1,4.772757711923907e-19,1.0,1.018423177550911e-35
980.0,2,9.393942359644344e-16,8.654473784588346e-07,0.9999991345526148
981.0,2,8.215673005851584e-14,1.1099088730523212e-13,0.9999999999998295
982.0,0,1.0,4.952508889395563e-18,1.0693312045595118e-74
983.0,2,8.632617178316291e-26,5.006113218545125e-14,0.9999999999999432
984.0,1,0.0021551153538561904,0.9978448846461259,3.4054074311892777e-18
985.0,0,0.9999999999621423,3.786437869501456e-11,2.0621506988855694e-35
986.0,1,1.9998074751103905e-09,0.9999999980001917,2.9980802485802488e-47
987.0,0,0.9999999999988063,1.2061746908384743e-12,1.5775449379886787e-54
988.0,1,2.2338599442915445e-07,0.9999997766140006,4.080102782410923e-15
989.0,1,2.1692300903432282e-24,1.0,4.137547922606673e-34
990.0,1,2.1835097204999765e-09,0.9999999978164738,8.609895938500797e-47
991.0,2,3.039541761650216e-30,1.3001481591643212e-17,1.0
992.0,1,7.932626851253038e-17,0.99990376590724,9.623409276312006e-05
993.0,2,1.6965889889974525e-13,1.3667395638608545e-12,0.9999999999984652
994.0,0,0.9999717798047618,2.8220195239979014e-05,3.1978142384946452e-74
995.0,2,1.2480161138146674e-14,3.1471887886252418e-24,1.0
996.0,1,9.948722988123386e-22,0.9993720567396274,0.0006279432603606484
997.0,1,5.259446282278993e-15,1.0,8.716171135759956e-18
998.0,1,7.446058320953255e-15,1.0,3.862894415095837e-76
999.0,0,1.0,1.945078584526421e-45,3.173465056218837e-168
1000.0,2,3.065923356335313e-27,7.421158518129823e-24,1.0
1001.0,1,7.771440692191406e-10,0.9999999992228368,4.818404655577629e-20
1002.0,1,4.096651121912496e-21,1.0,3.3469877221871834e-39
1003.0,2,5.082330034469566e-29,9.732827195010084e-43,1.0
1004.0,2,1.2473467791308388e-34,4.96725909242303e-29,1.0
1005.0,2,9.496403645523793e-21,3.2618610272567155e-16,1.0
1006.0,2,5.047617887418181e-29,3.593052129004016e-14,0.9999999999999432
1007.0,1,0.0013902215540661763,0.9986097784459427,6.937652903795157e-21
1008.0,2,1.0841481985736408e-11,1.0813870710288613e-06,0.999998918602062
1009.0,2,1.1371621847783175e-10,0.02217642291599529,0.9778235769702809
1010.0,1,1.7161442258447387e-28,1.0,3.667406348892139e-15
1011.0,1,2.930216049945981e-16,0.9999983833021412,1.6166978461978075e-06
1012.0,2,5.587064611520055e-27,1.564892946196448e-07,0.9999998435107054
1013.0,1,3.518527980259513e-21,0.9999582117306255,4.178826938869241e-05
1014.0,1,1.3374559246820156e-12,0.9999999999986642,1.681528698174563e-24
1015.0,2,5.136036034071696e-32,3.1514126156418194e-34,1.0
1016.0,1,1.2778890500276422e-15,1.0,1.7938465869047633e-53
1017.0,0,1.0,2.194626825849631e-93,3.338472048959183e-193
1018.0,2,2.8615643788635045e-29,0.01638012051779428,0.9836198794822136
1019.0,0,1.0,2.752283850489487e-33,3.2061994281797817e-21
1020.0,2,3.83562348474683e-48,2.2731611541490824e-25,1.0
1021.0,2,2.519510862373782e-32,4.659906620009173e-79,1.0
1022.0,2,6.587424425605828e-43,1.4605788731038901e-07,0.9999998539421249
1023.0,1,0.00029983711699727467,0.9997001628830203,6.985557354024228e-35
1024.0,0,1.0,3.2479791990205232e-21,2.1423712100650698e-61
1025.0,1,2.7226159009881955e-21,1.0,3.571494071624905e-87
1026.0,0,1.0,6.382414163148493e-48,3.1276228672957604e-36
1027.0,2,8.296793094109809e-47,5.020476794481493e-13,0.9999999999994884
1028.0,2,6.099262394114303e-32,1.590735228668437e-12,0.9999999999984084
1029.0,2,2.228136751644976e-37,1.831302354887691e-13,0.9999999999998295
1030.0,2,7.659268829489474e-28,1.5966689840480105e-15,1.0
1031.0,1,1.922525700048044e-09,0.9999999980774987,7.231995417826274e-20
1032.0,1,1.5239002901241156e-21,1.0,4.809530094411072e-16
1033.0,2,2.2140167578071864e-25,0.04368261657838712,0.9563173834216075
1034.0,2,5.807798540434445e-33,9.200878820050935e-08,0.9999999079912001
1035.0,1,4.5616690457135004e-26,1.0,2.9374643620635556e-25
1036.0,2,3.333194451141777e-33,4.296766224643107e-15,1.0
1037.0,2,3.542123899612608e-20,9.773492521855401e-08,0.9999999022650788
1038.0,0,1.0,1.9976058425414975e-129,2.716118352049591e-145
1039.0,2,4.666960973363253e-22,1.393605500479156e-17,1.0
1040.0,2,3.9950078639946044e-47,5.0169602883944945e-42,1.0
1041.0,1,3.073315507020127e-34,0.999999971912104,2.8087890595070882e-08
1042.0,2,1.588548912679972e-31,2.0704484019680717e-06,0.9999979295516088
1043.0,1,3.0261272811813695e-26,1.0,1.2221140476166254e-20
1044.0,2,1.7644666256997202e-36,1.0021853312242337e-24,1.0
1045.0,0,1.0,2.7231169891822504e-32,6.856103590993386e-165
1046.0,2,2.86872343031902e-10,0.006067928186131931,0.9939320715269888
1047.0,1,8.504564246325727e-06,0.9999914954357338,2.4014106241723263e-33
1048.0,1,5.146521835871911e-21,1.0,8.040614790415614e-57
1049.0,0,1.0,8.604815266082552e-23,1.474988669786295e-91
1050.0,1,2.265840725784375e-21,0.9563698457936279,0.04363015420638388
1051.0,0,1.0,1.1055249719386269e-16,4.6820433603230504e-15
1052.0,1,0.0004357284800830381,0.9995642715199103,4.7789411058956316e-141
1053.0,2,9.768603076790028e-36,3.156325588291932e-20,1.0
1054.0,2,7.531344567765568e-12,6.911155229397657e-13,0.9999999999917577
1055.0,1,1.2791786427361688e-08,0.9999999872079003,3.281018846731458e-13
1056.0,2,7.545114817298332e-22,3.3869286442368054e-41,1.0
1057.0,0,1.0,8.077307656039592e-22,7.483023189412352e-197
1058.0,1,2.1492658811853157e-29,0.9999979362672186,2.0637327762557177e-06
