column,informativeness,question,sub_question,response_options,controversial
Q182,0.463,"Please indicate for each of the following statements whether you think it can always be justified, never be justified, or something in between. (1 = Never justifiable, 10 = Always justifiable) — Homosexuality",Homosexuality,"['1', '2', '3', '4', '5', '6', '7', '8', '9', '10']",True
Q240,0.439,"In political matters, people talk of ""the left"" and ""the right"". How would you place your views on this scale, generally speaking? (1 = Left, 10 = Right)",,"['1', '2', '3', '4', '5', '6', '7', '8', '9', '10']",False
Q186,0.384,"Please indicate for each of the following statements whether you think it can always be justified, never be justified, or something in between. (1 = Never justifiable, 10 = Always justifiable) — Sex before marriage",Sex before marriage,"['1', '2', '3', '4', '5', '6', '7', '8', '9', '10']",True
Q88,0.372,"Here are the names of a number of organisations. For each one, please indicate how much confidence you have in them: is it a great deal of confidence, quite a lot of confidence, not very much confidence or none at all? — The World Health Organisation (WHO)",The World Health Organisation (WHO),"['A great deal', 'Quite a lot', 'Not very much', 'None at all', ""Don't know""]",False
Q183,0.367,"Please indicate for each of the following statements whether you think it can always be justified, never be justified, or something in between. (1 = Never justifiable, 10 = Always justifiable) — Prostitution",Prostitution,"['1', '2', '3', '4', '5', '6', '7', '8', '9', '10']",True
Q169,0.365,"How much do you agree or disagree with the following statements? — Whenever science and religion conflict, religion is always right","Whenever science and religion conflict, religion is always right","['Strongly agree', 'Agree', 'Disagree', 'Strongly disagree', ""Don't know""]",False
Q157,0.357,"Here is another list. In your opinion, which one of these is most important? And which would be the next most important?",,"['A stable economy', 'Progress toward a less impersonal and more humane society', 'Progress toward a society where ideas count more than money', 'The fight against crime']",False
Q230,0.347,In your view how often do each of the following things occur in New Zealand's elections? — Rich people buy elections,Rich people buy elections,"['Very often', 'Fairly often', 'Not often', 'Not at all often']",False
Q193,0.346,"Please indicate for each of the following statements whether you think it can always be justified, never be justified, or something in between. (1 = Never justifiable, 10 = Always justifiable) — Having casual sex",Having casual sex,"['1', '2', '3', '4', '5', '6', '7', '8', '9', '10']",True
Q83,0.344,"Here are the names of a number of organisations. For each one, please indicate how much confidence you have in them: is it a great deal of confidence, quite a lot of confidence, not very much confidence or none at all? — The United Nations",The United Nations,"['A great deal', 'Quite a lot', 'Not very much', 'None at all', ""Don't know""]",False
Q223,0.341,If there were a national election tomorrow which party would you vote for? And which Party would be your second choice?,,"['NZ Labour', 'NZ National', 'NZ Green', 'NZ First', 'TOP', 'Maori Party', 'ACT', 'New Conservative', 'Other', ""Don't know""]",False
Q160,0.34,"Here are some statements about science and technology. How much do you agree or disagree with each of these statements? For these questions, a 1 means that you ""completely disagree"" and a 10 means that you ""completely agree."" — We depend too much on science and not enough on faith",We depend too much on science and not enough on faith,"['1', '2', '3', '4', '5', '6', '7', '8', '9', '10']",False
Q184,0.339,"Please indicate for each of the following statements whether you think it can always be justified, never be justified, or something in between. (1 = Never justifiable, 10 = Always justifiable) — Abortion",Abortion,"['1', '2', '3', '4', '5', '6', '7', '8', '9', '10']",True
Q76,0.337,"Here are the names of a number of organisations. For each one, please indicate how much confidence you have in them: is it a great deal of confidence, quite a lot of confidence, not very much confidence or none at all? — Elections",Elections,"['A great deal', 'Quite a lot', 'Not very much', 'None at all', ""Don't know""]",False
Q229,0.335,In your view how often do each of the following things occur in New Zealand's elections? — Election officials are fair,Election officials are fair,"['Very often', 'Fairly often', 'Not often', 'Not at all often']",False
Q31,0.332,"People talk about the changing roles of men and women today. For each of the following statements, please indicate how much you agree or disagree. — Men make better business executives than women do",Men make better business executives than women do,"['Agree strongly', 'Agree', 'Disagree', 'Strongly disagree', ""Don't know""]",True
Q238,0.332,"Listed below are various types of political systems. Please think about each one as a way of governing this country. For each one, would you say it is a very good, fairly good, fairly bad or very bad way of governing this country? — Having a democratic political system",Having a democratic political system,"['Very good', 'Fairly good', 'Fairly bad', 'Very bad']",False
Q185,0.33,"Please indicate for each of the following statements whether you think it can always be justified, never be justified, or something in between. (1 = Never justifiable, 10 = Always justifiable) — Divorce",Divorce,"['1', '2', '3', '4', '5', '6', '7', '8', '9', '10']",True
Q111,0.326,Here are two statements people sometimes make when discussing the environment and economic growth. Which one comes closest to your own point of view?,,"['Protecting environment should be given priority', 'Economic growth and creating jobs should be top priority', ""Don't know""]",False
Q170,0.325,How much do you agree or disagree with the following statements? — The only acceptable religion is my religion,The only acceptable religion is my religion,"['Strongly agree', 'Agree', 'Disagree', 'Strongly disagree', ""Don't know""]",False
Q29,0.323,"People talk about the changing roles of men and women today. For each of the following statements, please indicate how much you agree or disagree. — Men make better political leaders than women do",Men make better political leaders than women do,"['Agree strongly', 'Agree', 'Disagree', 'Strongly disagree', ""Don't know""]",True
Q251,0.323,"And how democratically is this country being governed today? Again using a scale from 1 to 10, where 1 means that it is ""not at all democratic"" and 10 means that it is ""completely democratic,"" what position would you choose?",,"['1', '2', '3', '4', '5', '6', '7', '8', '9', '10']",False
Q89,0.322,"Here are the names of a number of organisations. For each one, please indicate how much confidence you have in them: is it a great deal of confidence, quite a lot of confidence, not very much confidence or none at all? — The World Trade Organisation (WTO)",The World Trade Organisation (WTO),"['A great deal', 'Quite a lot', 'Not very much', 'None at all', ""Don't know""]",False
Q85,0.318,"Here are the names of a number of organisations. For each one, please indicate how much confidence you have in them: is it a great deal of confidence, quite a lot of confidence, not very much confidence or none at all? — International Criminal Court (ICC)",International Criminal Court (ICC),"['A great deal', 'Quite a lot', 'Not very much', 'None at all', ""Don't know""]",False
Q30,0.317,"People talk about the changing roles of men and women today. For each of the following statements, please indicate how much you agree or disagree. — A university education is more important for a boy than a girl",A university education is more important for a boy than a girl,"['Agree strongly', 'Agree', 'Disagree', 'Strongly disagree', ""Don't know""]",True
Q121,0.315,How would you evaluate the impact of immigrants on the development of New Zealand?,,"['Very good', 'Quite good', 'Neither good nor bad', 'Quite bad', 'Very bad']",True
Q79,0.312,"Here are the names of a number of organisations. For each one, please indicate how much confidence you have in them: is it a great deal of confidence, quite a lot of confidence, not very much confidence or none at all? — Environmental organisations",Environmental organisations,"['A great deal', 'Quite a lot', 'Not very much', 'None at all', ""Don't know""]",False
Q235,0.312,"Listed below are various types of political systems. Please think about each one as a way of governing this country. For each one, would you say it is a very good, fairly good, fairly bad or very bad way of governing this country? — Having a strong leader who does not have to bother with parliament and elections",Having a strong leader who does not have to bother with parliament and elections,"['Very good', 'Fairly good', 'Fairly bad', 'Very bad']",False
Q112,0.312,"How would you place your views on corruption in New Zealand on a 10-point scale where 1 means ""there is no corruption in New Zealand"" and 10 means ""there is abundant corruption in New Zealand""?",,"['1', '2', '3', '4', '5', '6', '7', '8', '9', '10', ""Don't know""]",False
Q74,0.311,"Here are the names of a number of organisations. For each one, please indicate how much confidence you have in them: is it a great deal of confidence, quite a lot of confidence, not very much confidence or none at all? — The Public Service",The Public Service,"['A great deal', 'Quite a lot', 'Not very much', 'None at all', ""Don't know""]",False
Q225,0.31,In your view how often do each of the following things occur in New Zealand's elections? — Opposition candidates are prevented from running,Opposition candidates are prevented from running,"['Very often', 'Fairly often', 'Not often', 'Not at all often']",False
Q87,0.31,"Here are the names of a number of organisations. For each one, please indicate how much confidence you have in them: is it a great deal of confidence, quite a lot of confidence, not very much confidence or none at all? — The World Bank",The World Bank,"['A great deal', 'Quite a lot', 'Not very much', 'None at all', ""Don't know""]",False
Q84,0.308,"Here are the names of a number of organisations. For each one, please indicate how much confidence you have in them: is it a great deal of confidence, quite a lot of confidence, not very much confidence or none at all? — The International Monetary Fund (IMF)",The International Monetary Fund (IMF),"['A great deal', 'Quite a lot', 'Not very much', 'None at all', ""Don't know""]",False
Q164,0.307,How important is God in your life? Please use this scale to indicate your strength of belief: 1 means not at all important and 10 means very important.,,"['1', '2', '3', '4', '5', '6', '7', '8', '9', '10']",False
Q73,0.307,"Here are the names of a number of organisations. For each one, please indicate how much confidence you have in them: is it a great deal of confidence, quite a lot of confidence, not very much confidence or none at all? — Parliament",Parliament,"['A great deal', 'Quite a lot', 'Not very much', 'None at all', ""Don't know""]",False
Q215,0.305,"For each social activism action, have you done it, might do it, or would never do it? — Encouraging others to take action about political issues",Encouraging others to take action about political issues,"['Have done', 'Might do', 'Would never do']",False
Q126,0.305,"What have been the effects of immigration on the development of New Zealand? For each of the following statements, please indicate whether you agree or disagree with it. — Increases the risk of terrorism",Increases the risk of terrorism,"['Disagree', 'Hard to say', 'Agree']",True
Q68,0.305,"Here are the names of a number of organisations. For each one, please indicate how much confidence you have in them: is it a great deal of confidence, quite a lot of confidence, not very much confidence or none at all? — Trade unions",Trade unions,"['A great deal', 'Quite a lot', 'Not very much', 'None at all', ""Don't know""]",False
Q213,0.302,"For each social activism action, have you done it, might do it, or would never do it? — Donating to a group or campaign",Donating to a group or campaign,"['Have done', 'Might do', 'Would never do']",False
Q125,0.302,"What have been the effects of immigration on the development of New Zealand? For each of the following statements, please indicate whether you agree or disagree with it. — Gives asylum to political refugees who are persecuted elsewhere",Gives asylum to political refugees who are persecuted elsewhere,"['Disagree', 'Hard to say', 'Agree']",True
Q227,0.301,In your view how often do each of the following things occur in New Zealand's elections? — Voters are bribed,Voters are bribed,"['Very often', 'Fairly often', 'Not often', 'Not at all often']",False
Q71,0.301,"Here are the names of a number of organisations. For each one, please indicate how much confidence you have in them: is it a great deal of confidence, quite a lot of confidence, not very much confidence or none at all? — The government in Wellington",The government in Wellington,"['A great deal', 'Quite a lot', 'Not very much', 'None at all', ""Don't know""]",False
Q211,0.301,"Here are some different forms of political action that people can take. For each one, please indicate whether you have actually done any of these things, whether you might do it or would never, under any circumstances, do it. — Attending peaceful demonstrations",Attending peaceful demonstrations,"['Have done', 'Might do', 'Would never do']",False
Q246,0.3,"Many things are desirable, but not all of them are essential characteristics of democracy. Please tell us, for each of the following things how essential you think it is as a characteristic of democracy? Use this scale where 1 means ""not at all an essential characteristic of democracy"" and 10 means it definitely is ""an essential characteristic of democracy"". — Civil rights protect people from state oppression",Civil rights protect people from state oppression,"['1', '2', '3', '4', '5', '6', '7', '8', '9', '10']",False
Q161,0.299,"Here are some statements about science and technology. How much do you agree or disagree with each of these statements? For these questions, a 1 means that you ""completely disagree"" and a 10 means that you ""completely agree."" — One of the bad effects of science is that it breaks down people's ideas of right and wrong",One of the bad effects of science is that it breaks down people's ideas of right and wrong,"['1', '2', '3', '4', '5', '6', '7', '8', '9', '10']",False
Q33,0.299,"Do you agree or disagree with the following statements? — When jobs are scarce, men should have more right to a job than women","When jobs are scarce, men should have more right to a job than women","['Strongly agree', 'Agree', 'Neither agree nor disagree', 'Disagree', 'Strongly disagree', ""Don't know""]",True
Q36,0.298,How much do you agree or disagree with the following statements? — Homosexual couples are as good parents as other couples,Homosexual couples are as good parents as other couples,"['Agree strongly', 'Agree', 'Neither agree nor disagree', 'Disagree', 'Strongly disagree', ""Don't know""]",True
Q128,0.298,"What have been the effects of immigration on the development of New Zealand? For each of the following statements, please indicate whether you agree or disagree with it. — Increases unemployment",Increases unemployment,"['Disagree', 'Hard to say', 'Agree']",True
Q123,0.297,"What have been the effects of immigration on the development of New Zealand? For each of the following statements, please indicate whether you agree or disagree with it. — Strengthens cultural diversity",Strengthens cultural diversity,"['Disagree', 'Hard to say', 'Agree']",True
Q224,0.296,In your view how often do each of the following things occur in New Zealand's elections? — Votes are counted fairly,Votes are counted fairly,"['Very often', 'Fairly often', 'Not often', 'Not at all often']",False
Q57,0.294,"Generally speaking, would you say that most people can be trusted or that you need to be very careful in dealing with people?",,"['Most people can be trusted', 'Need to be very careful', ""Don't know""]",False
Q81,0.294,"Here are the names of a number of organisations. For each one, please indicate how much confidence you have in them: is it a great deal of confidence, quite a lot of confidence, not very much confidence or none at all? — Charitable or humanitarian organisations",Charitable or humanitarian organisations,"['A great deal', 'Quite a lot', 'Not very much', 'None at all', ""Don't know""]",False
Q168,0.291,"Which, if any, of the following do you believe in? — Heaven",Heaven,"['Yes', 'No']",False
Q217,0.289,"Listed below are some other forms of political action people can take using internet and social media tools like Facebook, Twitter, etc. For each one please indicate whether you have done any of these things, whether you might do it, would never under any circumstances do it. — Searching information about politics and political events",Searching information about politics and political events,"['Have done', 'Might do', 'Would never do']",False
Q252,0.288,"How satisfied are you with how the political system is functioning in New Zealand these days? On the scale from 1 to 10 below, 1 means not satisfied at all and 10 means completely satisfied.",,"['1', '2', '3', '4', '5', '6', '7', '8', '9', '10']",False
Q210,0.286,"Here are some different forms of political action that people can take. For each one, please indicate whether you have actually done any of these things, whether you might do it or would never, under any circumstances, do it. — Joining in boycotts",Joining in boycotts,"['Have done', 'Might do', 'Would never do']",False
Q195,0.285,"Please indicate for each of the following statements whether you think it can always be justified, never be justified, or something in between. (1 = Never justifiable, 10 = Always justifiable) — Death penalty",Death penalty,"['1', '2', '3', '4', '5', '6', '7', '8', '9', '10']",False
Q187,0.284,"Please indicate for each of the following statements whether you think it can always be justified, never be justified, or something in between. (1 = Never justifiable, 10 = Always justifiable) — Suicide",Suicide,"['1', '2', '3', '4', '5', '6', '7', '8', '9', '10']",False
Q243,0.282,"Many things are desirable, but not all of them are essential characteristics of democracy. Please tell us, for each of the following things how essential you think it is as a characteristic of democracy? Use this scale where 1 means ""not at all an essential characteristic of democracy"" and 10 means it definitely is ""an essential characteristic of democracy"". — People choose their leaders in free elections",People choose their leaders in free elections,"['1', '2', '3', '4', '5', '6', '7', '8', '9', '10']",False
Q35,0.278,"Do you agree or disagree with the following statements? — If a woman earns more than her husband, it is almost certain to cause problems","If a woman earns more than her husband, it is almost certain to cause problems","['Strongly agree', 'Agree', 'Neither agree nor disagree', 'Disagree', 'Strongly disagree', ""Don't know""]",True
Q117,0.278,"Among the following groups of people, how many do you believe are involved in corruption? — Journalists and media",Journalists and media,"['None of them', 'Few of them', 'Most of them', 'All of them', ""Don't know""]",False
Q212,0.276,"Here are some different forms of political action that people can take. For each one, please indicate whether you have actually done any of these things, whether you might do it or would never, under any circumstances, do it. — Joining strikes",Joining strikes,"['Have done', 'Might do', 'Would never do']",False
Q250,0.276,"How important is it for you to live in a country that is governed democratically? On this scale where 1 means it is ""not at all important"" and 10 means ""absolutely important"" what position would you choose?",,"['1', '2', '3', '4', '5', '6', '7', '8', '9', '10']",False
Q156,0.275,"Here is another list. In your opinion, which one of these is most important? And which would be the next most important?",,"['A stable economy', 'Progress toward a less impersonal and more humane society', 'Progress toward a society where ideas count more than money', 'The fight against crime']",False
Q62,0.272,Here are some questions about how much you trust people from various groups. Please indicate how much you trust... — People of another religion,People of another religion,"['Trust completely', 'Trust somewhat', 'Do not trust very much', 'Do not trust at all', ""Don't know""]",False
Q153,0.269,"People sometimes talk about what the aims of this country should be for the next ten years. Listed below are some of the goals which different people would give top priority. Would you please say which one of these you, yourself, consider the most important? And which would be the next most important?",,"['A high level of economic growth', 'Strong defence forces', 'People have more say at work and in their communities', 'Making cities and countryside more beautiful']",False
Q113,0.268,"Among the following groups of people, how many do you believe are involved in corruption? — State authorities",State authorities,"['None of them', 'Few of them', 'Most of them', 'All of them', ""Don't know""]",False
Q63,0.268,Here are some questions about how much you trust people from various groups. Please indicate how much you trust... — People of another nationality,People of another nationality,"['Trust completely', 'Trust somewhat', 'Do not trust very much', 'Do not trust at all', ""Don't know""]",False
Q165,0.267,"Which, if any, of the following do you believe in? — God",God,"['Yes', 'No']",False
Q173,0.265,"Independently of whether you go to religious services or not, would you say you are:",,"['A religious person', 'Not a religious person', 'An atheist']",False
Q6,0.264,"Please indicate, for each of the following, how important it is in your life. — Religion",Religion,"['Very important', 'Rather important', 'Not very important', 'Not at all important', ""Don't know""]",False
Q216,0.264,"For each social activism action, have you done it, might do it, or would never do it? — Encouraging others to vote",Encouraging others to vote,"['Have done', 'Might do', 'Would never do']",False
Q114,0.264,"Among the following groups of people, how many do you believe are involved in corruption? — Business executives",Business executives,"['None of them', 'Few of them', 'Most of them', 'All of them', ""Don't know""]",False
Q219,0.262,"Listed below are some other forms of political action people can take using internet and social media tools like Facebook, Twitter, etc. For each one please indicate whether you have done any of these things, whether you might do it, would never under any circumstances do it. — Encouraging other people to take any form of political action",Encouraging other people to take any form of political action,"['Have done', 'Might do', 'Would never do']",False
Q75,0.261,"Here are the names of a number of organisations. For each one, please indicate how much confidence you have in them: is it a great deal of confidence, quite a lot of confidence, not very much confidence or none at all? — Universities",Universities,"['A great deal', 'Quite a lot', 'Not very much', 'None at all', ""Don't know""]",False
Q231,0.26,In your view how often do each of the following things occur in New Zealand's elections? — Voters are threatened with violence at the polls,Voters are threatened with violence at the polls,"['Very often', 'Fairly often', 'Not often', 'Not at all often']",False
Q106,0.26,How would you place your views on this scale? 1 means you agree completely with the statement on the left; 10 means you agree completely with the statement on the right. — Incomes should be made more equal vs There should be greater incentives for individual effort,Incomes should be made more equal vs There should be greater incentives for individual effort,"['1', '2', '3', '4', '5', '6', '7', '8', '9', '10']",False
Q122,0.259,"What have been the effects of immigration on the development of New Zealand? For each of the following statements, please indicate whether you agree or disagree with it. — Fills important job vacancies",Fills important job vacancies,"['Disagree', 'Hard to say', 'Agree']",True
Q234A,0.255,How much does the political system allow you to have a say?,,"['A great deal', 'A lot', 'Some', 'Very little', 'Not at all']",False
Q70,0.255,"Here are the names of a number of organisations. For each one, please indicate how much confidence you have in them: is it a great deal of confidence, quite a lot of confidence, not very much confidence or none at all? — The courts",The courts,"['A great deal', 'Quite a lot', 'Not very much', 'None at all', ""Don't know""]",False
Q80,0.255,"Here are the names of a number of organisations. For each one, please indicate how much confidence you have in them: is it a great deal of confidence, quite a lot of confidence, not very much confidence or none at all? — Women's organisations",Women's organisations,"['A great deal', 'Quite a lot', 'Not very much', 'None at all', ""Don't know""]",True
Q108,0.251,How would you place your views on this scale? 1 means you agree completely with the statement on the left; 10 means you agree completely with the statement on the right. — Government should take more responsibility vs People should take more responsibility,Government should take more responsibility vs People should take more responsibility,"['1', '2', '3', '4', '5', '6', '7', '8', '9', '10']",False
Q61,0.25,Here are some questions about how much you trust people from various groups. Please indicate how much you trust... — People you meet for the first time,People you meet for the first time,"['Trust completely', 'Trust somewhat', 'Do not trust very much', 'Do not trust at all', ""Don't know""]",False
Q34,0.249,"Do you agree or disagree with the following statements? — When jobs are scarce, employers should give priority to New Zealanders over immigrants","When jobs are scarce, employers should give priority to New Zealanders over immigrants","['Strongly agree', 'Agree', 'Neither agree nor disagree', 'Disagree', 'Strongly disagree', ""Don't know""]",True
Q130,0.249,How about people from other countries coming here to work. Which one of the following do you think the government should do?,,"['Let anyone come who wants to', 'Let people come as long as there are jobs available', 'Place strict limits on the number who can come here', 'Prohibit people coming here from other countries', ""Don't know""]",False
Q77,0.249,"Here are the names of a number of organisations. For each one, please indicate how much confidence you have in them: is it a great deal of confidence, quite a lot of confidence, not very much confidence or none at all? — Major companies",Major companies,"['A great deal', 'Quite a lot', 'Not very much', 'None at all', ""Don't know""]",False
Q199,0.248,How interested would you say you are in politics?,,"['Very interested', 'Somewhat interested', 'Not very interested', 'Not at all interested']",False
Q218,0.247,"Listed below are some other forms of political action people can take using internet and social media tools like Facebook, Twitter, etc. For each one please indicate whether you have done any of these things, whether you might do it, would never under any circumstances do it. — Signing an electronic petition",Signing an electronic petition,"['Have done', 'Might do', 'Would never do']",False
Q116,0.247,"Among the following groups of people, how many do you believe are involved in corruption? — Civil service providers",Civil service providers,"['None of them', 'Few of them', 'Most of them', 'All of them', ""Don't know""]",False
Q167,0.246,"Which, if any, of the following do you believe in? — Hell",Hell,"['Yes', 'No']",False
Q226,0.245,In your view how often do each of the following things occur in New Zealand's elections? — TV news favours the governing party,TV news favours the governing party,"['Very often', 'Fairly often', 'Not often', 'Not at all often']",False
Q64,0.244,"Here are the names of a number of organisations. For each one, please indicate how much confidence you have in them: is it a great deal of confidence, quite a lot of confidence, not very much confidence or none at all? — The churches",The churches,"['A great deal', 'Quite a lot', 'Not very much', 'None at all', ""Don't know""]",False
Q115,0.241,"Among the following groups of people, how many do you believe are involved in corruption? — Local authorities",Local authorities,"['None of them', 'Few of them', 'Most of them', 'All of them', ""Don't know""]",False
Q214,0.241,"For each social activism action, have you done it, might do it, or would never do it? — Contacting a government official",Contacting a government official,"['Have done', 'Might do', 'Would never do']",False
Q162,0.24,"Here are some statements about science and technology. How much do you agree or disagree with each of these statements? For these questions, a 1 means that you ""completely disagree"" and a 10 means that you ""completely agree."" — It is not important for me to know about science in my daily life",It is not important for me to know about science in my daily life,"['1', '2', '3', '4', '5', '6', '7', '8', '9', '10']",False
Q109,0.238,How would you place your views on this scale? 1 means you agree completely with the statement on the left; 10 means you agree completely with the statement on the right. — Competition is good vs Competition is harmful,Competition is good vs Competition is harmful,"['1', '2', '3', '4', '5', '6', '7', '8', '9', '10']",False
Q242,0.238,"Many things are desirable, but not all of them are essential characteristics of democracy. Please tell us, for each of the following things how essential you think it is as a characteristic of democracy? Use this scale where 1 means ""not at all an essential characteristic of democracy"" and 10 means it definitely is ""an essential characteristic of democracy"". — Religious authorities ultimately interpret the laws",Religious authorities ultimately interpret the laws,"['1', '2', '3', '4', '5', '6', '7', '8', '9', '10']",False
Q107,0.237,How would you place your views on this scale? 1 means you agree completely with the statement on the left; 10 means you agree completely with the statement on the right. — Private ownership should be increased vs Government ownership should be increased,Private ownership should be increased vs Government ownership should be increased,"['1', '2', '3', '4', '5', '6', '7', '8', '9', '10']",False
Q244,0.237,"Many things are desirable, but not all of them are essential characteristics of democracy. Please tell us, for each of the following things how essential you think it is as a characteristic of democracy? Use this scale where 1 means ""not at all an essential characteristic of democracy"" and 10 means it definitely is ""an essential characteristic of democracy"". — People receive state aid for unemployment",People receive state aid for unemployment,"['1', '2', '3', '4', '5', '6', '7', '8', '9', '10']",False
Q148,0.236,To what degree are you worried about the following situations? — A civil war,A civil war,"['Very much', 'A great deal', 'Not much', 'Not at all', ""Don't know""]",False
Q154,0.234,"If you had to choose, which one of the things on this card would you say is most important? And which would be the next most important?",,"['Maintaining order in the nation', 'Giving people more say in important government decisions', 'Fighting rising prices', 'Protecting freedom of speech']",False
Q178,0.233,"Please indicate for each of the following statements whether you think it can always be justified, never be justified, or something in between. (1 = Never justifiable, 10 = Always justifiable) — Avoiding a fare on public transport",Avoiding a fare on public transport,"['1', '2', '3', '4', '5', '6', '7', '8', '9', '10']",False
Q176,0.232,"How much do you agree or disagree with the statement that nowadays one often has trouble deciding which moral rules are the right ones to follow? (1 = Completely agree, 10 = Completely disagree)",,"['1', '2', '3', '4', '5', '6', '7', '8', '9', '10']",False
Q163,0.232,"Here are some statements about science and technology. How much do you agree or disagree with each of these statements? For these questions, a 1 means that you ""completely disagree"" and a 10 means that you ""completely agree."" — The world is better off because of science and technology",The world is better off because of science and technology,"['1', '2', '3', '4', '5', '6', '7', '8', '9', '10']",False
Q124,0.231,"What have been the effects of immigration on the development of New Zealand? For each of the following statements, please indicate whether you agree or disagree with it. — Increases the crime rate",Increases the crime rate,"['Disagree', 'Hard to say', 'Agree']",True
Q172,0.229,"Apart from weddings and funerals, about how often do you pray?",,"['Several times a day', 'Once a day', 'Several times each week', 'Only when attending religious services', 'Once a year', 'Less often', 'Never, practically never', 'Only on special holy days']",False
Q27,0.229,"People talk about the changing roles of men and women today. For each of the following statements, please indicate how much you agree or disagree. — One of my main goals in life has been to make my parents proud",One of my main goals in life has been to make my parents proud,"['Agree strongly', 'Agree', 'Disagree', 'Strongly disagree', ""Don't know""]",True
Q45,0.226,"Listed below are various changes in our way of life that might take place in the near future. Please indicate whether you think each would be a good thing, a bad thing, or don't you mind? — Greater respect for authority",Greater respect for authority,"['Good thing', ""Don't mind"", 'Bad thing']",False
Q155,0.226,"If you had to choose, which one of the things on this card would you say is most important? And which would be the next most important?",,"['Maintaining order in the nation', 'Giving people more say in important government decisions', 'Fighting rising prices', 'Protecting freedom of speech']",False
Q171,0.224,"Apart from weddings, funerals and christenings, about how often do you attend religious services these days?",,"['More than once a week', 'Once a week', 'Once a month', 'Only on special holy days', 'Once a year', 'Less often', 'Never, practically never']",False
Q188,0.224,"Please indicate for each of the following statements whether you think it can always be justified, never be justified, or something in between. (1 = Never justifiable, 10 = Always justifiable) — Euthanasia",Euthanasia,"['1', '2', '3', '4', '5', '6', '7', '8', '9', '10']",False
Q152,0.223,"People sometimes talk about what the aims of this country should be for the next ten years. Listed below are some of the goals which different people would give top priority. Would you please say which one of these you, yourself, consider the most important? And which would be the next most important?",,"['A high level of economic growth', 'Strong defence forces', 'People have more say at work and in their communities', 'Making cities and countryside more beautiful']",False
Q237,0.223,"Listed below are various types of political systems. Please think about each one as a way of governing this country. For each one, would you say it is a very good, fairly good, fairly bad or very bad way of governing this country? — Having the army rule",Having the army rule,"['Very good', 'Fairly good', 'Fairly bad', 'Very bad']",False
Q92,0.223,Where are the headquarters of the International Monetary Fund (IMF) located? — Where are the headquarters of the IMF located?,Where are the headquarters of the IMF located?,"['Washington DC', 'London', 'Geneva', ""Don't know""]",False
Q93,0.222,"Which one of the following problems does the organisation, Amnesty International, deal with? — Which problem does Amnesty International deal with?",Which problem does Amnesty International deal with?,"['Climate change', 'Human rights', 'Destruction of historic monuments', ""Don't know""]",False
Q147,0.22,To what degree are you worried about the following situations? — A terrorist attack,A terrorist attack,"['Very much', 'A great deal', 'Not much', 'Not at all', ""Don't know""]",False
Q202,0.22,How often do you use each of the following information sources? — TV news,TV news,"['Daily', 'Weekly', 'Monthly', 'Less than monthly', 'Never']",False
Q136,0.219,How frequently do the following things occur in your neighbourhood? — Drug sales in streets,Drug sales in streets,"['Not at all frequently', 'Not frequently', 'Quite frequently', 'Very Frequently', ""Don't know""]",False
Q110,0.213,How would you place your views on this scale? 1 means you agree completely with the statement on the left; 10 means you agree completely with the statement on the right. — Hard work brings a better life vs Hard work doesn't bring success,Hard work brings a better life vs Hard work doesn't bring success,"['1', '2', '3', '4', '5', '6', '7', '8', '9', '10']",False
Q201,0.213,How often do you use each of the following information sources? — Daily newspaper,Daily newspaper,"['Daily', 'Weekly', 'Monthly', 'Less than monthly', 'Never']",False
Q253,0.21,How much respect is there for individual human rights nowadays in New Zealand? Do you feel there is:,,"['A great deal of respect', 'Fairly much respect', 'Not much respect', 'No respect at all']",False
Q133,0.209,How frequently do the following things occur in your neighbourhood? — Alcohol consumption in the streets,Alcohol consumption in the streets,"['Not at all frequently', 'Not frequently', 'Quite frequently', 'Very Frequently', ""Don't know""]",False
Q39,0.207,How much do you agree or disagree with the following statements? — People who don't work turn lazy,People who don't work turn lazy,"['Agree strongly', 'Agree', 'Neither agree nor disagree', 'Disagree', 'Strongly disagree', ""Don't know""]",False
Q200,0.207,"When you get together with friends, would you say you discuss political matters frequently, occasionally or never?",,"['Frequently', 'Occasionally', 'Never']",False
Q220,0.207,"Listed below are some other forms of political action people can take using internet and social media tools like Facebook, Twitter, etc. For each one please indicate whether you have done any of these things, whether you might do it, would never under any circumstances do it. — Organising political activities, events, protests","Organising political activities, events, protests","['Have done', 'Might do', 'Would never do']",False
Q91,0.206,Five countries have permanent seats on the Security Council of the United Nations. Which one of the following is not a member? — Countries with permanent seats on UN Security Council,Countries with permanent seats on UN Security Council,"['France', 'China', 'India', ""Don't know""]",False
Q245,0.206,"Many things are desirable, but not all of them are essential characteristics of democracy. Please tell us, for each of the following things how essential you think it is as a characteristic of democracy? Use this scale where 1 means ""not at all an essential characteristic of democracy"" and 10 means it definitely is ""an essential characteristic of democracy"". — The army takes over when government is incompetent",The army takes over when government is incompetent,"['1', '2', '3', '4', '5', '6', '7', '8', '9', '10']",False
Q94,0.205,"Listed below are different types of voluntary organisations. For each, are you an active member, an inactive member, or don't you belong? — Church or religious organisation",Church or religious organisation,"[""Don't belong"", 'Inactive member', 'Active member']",False
Q249,0.205,"Many things are desirable, but not all of them are essential characteristics of democracy. Please tell us, for each of the following things how essential you think it is as a characteristic of democracy? Use this scale where 1 means ""not at all an essential characteristic of democracy"" and 10 means it definitely is ""an essential characteristic of democracy"". — Women have the same rights as men",Women have the same rights as men,"['1', '2', '3', '4', '5', '6', '7', '8', '9', '10']",True
Q50,0.204,"How satisfied are you with the financial situation of your household? Please use this scale where 1 means ""completely dissatisfied"" and 10 means ""completely satisfied"".",,"['1', '2', '3', '4', '5', '6', '7', '8', '9', '10', ""Don't know""]",False
Q37,0.203,How much do you agree or disagree with the following statements? — It is a duty towards society to have children,It is a duty towards society to have children,"['Agree strongly', 'Agree', 'Neither agree nor disagree', 'Disagree', 'Strongly disagree', ""Don't know""]",False
Q177,0.201,"Please indicate for each of the following statements whether you think it can always be justified, never be justified, or something in between. (1 = Never justifiable, 10 = Always justifiable) — Claiming government benefits to which you are not entitled",Claiming government benefits to which you are not entitled,"['1', '2', '3', '4', '5', '6', '7', '8', '9', '10']",False
Q241,0.201,"Many things are desirable, but not all of them are essential characteristics of democracy. Please tell us, for each of the following things how essential you think it is as a characteristic of democracy? Use this scale where 1 means ""not at all an essential characteristic of democracy"" and 10 means it definitely is ""an essential characteristic of democracy"". — Governments tax the rich and subsidize the poor",Governments tax the rich and subsidize the poor,"['1', '2', '3', '4', '5', '6', '7', '8', '9', '10']",False
Q43,0.199,"Listed below are various changes in our way of life that might take place in the near future. Please indicate whether you think each would be a good thing, a bad thing, or don't you mind? — Less importance placed on work",Less importance placed on work,"['Good thing', ""Don't mind"", 'Bad thing']",False
Q41,0.198,"How much do you agree or disagree with the following statements? — Work should always come first, even if it means less spare time","Work should always come first, even if it means less spare time","['Agree strongly', 'Agree', 'Neither agree nor disagree', 'Disagree', 'Strongly disagree', ""Don't know""]",False
Q100,0.197,"Listed below are different types of voluntary organisations. For each, are you an active member, an inactive member, or don't you belong? — Professional association",Professional association,"[""Don't belong"", 'Inactive member', 'Active member']",False
Q120,0.197,"How high is the risk in New Zealand of being held accountable for giving or receiving a bribe, gift or favour in return for public service? Please indicate your opinion on the 10 point scale below, where 1 means ""no risk at all"" and 10 means ""very high risk"".",,"['1', '2', '3', '4', '5', '6', '7', '8', '9', '10']",False
Q131,0.195,Please tell us how secure you feel these days in your neighbourhood?,,"['Very Secure', 'Quite secure', 'Not very secure', 'Not at all secure', ""Don't know""]",False
Q142,0.194,To what degree are you worried about the following situations? — Losing my job or not finding a job,Losing my job or not finding a job,"['Very much', 'A great deal', 'Not much', 'Not at all', ""Don't know""]",False
Q228,0.193,In your view how often do each of the following things occur in New Zealand's elections? — Journalists provide fair coverage of elections,Journalists provide fair coverage of elections,"['Very often', 'Fairly often', 'Not often', 'Not at all often']",False
Q11,0.193,"Here is a list of qualities that children can be encouraged to learn at home. Which, if any, do you consider to be especially important? — Imagination",Imagination,"['Important', 'Not mentioned']",False
Q90,0.192,"People sometimes say that international organisations should prioritise improving people's lives, even if this may imply that decisions are not made democratically. What do you think international organisations should prioritise, being effective or being democratic? If your views are somewhat mixed, choose the appropriate number in between. (1 = Being effective, 10 = Being democratic)",,"['1', '2', '3', '4', '5', '6', '7', '8', '9', '10']",False
Q72,0.191,"Here are the names of a number of organisations. For each one, please indicate how much confidence you have in them: is it a great deal of confidence, quite a lot of confidence, not very much confidence or none at all? — Political parties",Political parties,"['A great deal', 'Quite a lot', 'Not very much', 'None at all', ""Don't know""]",False
Q132,0.19,How frequently do the following things occur in your neighbourhood? — Robberies,Robberies,"['Not at all frequently', 'Not frequently', 'Quite frequently', 'Very Frequently', ""Don't know""]",False
Q158,0.19,"Here are some statements about science and technology. How much do you agree or disagree with each of these statements? For these questions, a 1 means that you ""completely disagree"" and a 10 means that you ""completely agree."" — Science and technology are making our lives healthier, easier, and more comfortable","Science and technology are making our lives healthier, easier, and more comfortable","['1', '2', '3', '4', '5', '6', '7', '8', '9', '10']",False
Q14,0.189,"Here is a list of qualities that children can be encouraged to learn at home. Which, if any, do you consider to be especially important? — Determination, perseverance","Determination, perseverance","['Important', 'Not mentioned']",False
Q232,0.186,In your view how often do each of the following things occur in New Zealand's elections? — Voters are offered a genuine choice in the elections,Voters are offered a genuine choice in the elections,"['Very often', 'Fairly often', 'Not often', 'Not at all often']",False
Q239,0.181,"Listed below are various types of political systems. Please think about each one as a way of governing this country. For each one, would you say it is a very good, fairly good, fairly bad or very bad way of governing this country? — Having a system governed by religious law in which there are no political parties or elections",Having a system governed by religious law in which there are no political parties or elections,"['Very good', 'Fairly good', 'Fairly bad', 'Very bad']",False
Q129,0.181,"What have been the effects of immigration on the development of New Zealand? For each of the following statements, please indicate whether you agree or disagree with it. — Leads to social conflict",Leads to social conflict,"['Disagree', 'Hard to say', 'Agree']",True
Q42,0.18,Listed below are three basic kinds of attitudes concerning the society we live in. Please choose the one that best describes your own opinion.,,"['The entire way our society is organised must be radically changed by revolutionary action', 'Our society must be gradually improved by reforms', 'Our present society must be valiantly defended against all subversive forces']",False
Q166,0.18,"Which, if any, of the following do you believe in? — Life after death",Life after death,"['Yes', 'No']",False
Q135,0.179,How frequently do the following things occur in your neighbourhood? — Racist behaviour,Racist behaviour,"['Not at all frequently', 'Not frequently', 'Quite frequently', 'Very Frequently', ""Don't know""]",False
Q146,0.179,To what degree are you worried about the following situations? — A war involving my country,A war involving my country,"['Very much', 'A great deal', 'Not much', 'Not at all', ""Don't know""]",False
Q137,0.179,How frequently do the following things occur in your neighbourhood? — Street violence and fights,Street violence and fights,"['Not at all frequently', 'Not frequently', 'Quite frequently', 'Very Frequently', ""Don't know""]",False
Q49,0.178,"All things considered, how satisfied are you with your life as a whole these days? Please use this scale where 1 means you are ""completely dissatisfied"" and 10 means you are ""completely satisfied"".",,"['1', '2', '3', '4', '5', '6', '7', '8', '9', '10', ""Don't know""]",False
Q180,0.174,"Please indicate for each of the following statements whether you think it can always be justified, never be justified, or something in between. (1 = Never justifiable, 10 = Always justifiable) — Cheating on taxes",Cheating on taxes,"['1', '2', '3', '4', '5', '6', '7', '8', '9', '10']",False
Q140,0.174,Which of the following things have you done for reasons of security? — Preferred not to go out at night,Preferred not to go out at night,"['No', 'Yes']",False
Q247,0.173,"Many things are desirable, but not all of them are essential characteristics of democracy. Please tell us, for each of the following things how essential you think it is as a characteristic of democracy? Use this scale where 1 means ""not at all an essential characteristic of democracy"" and 10 means it definitely is ""an essential characteristic of democracy"". — The state makes people's incomes equal",The state makes people's incomes equal,"['1', '2', '3', '4', '5', '6', '7', '8', '9', '10']",False
Q65,0.173,"Here are the names of a number of organisations. For each one, please indicate how much confidence you have in them: is it a great deal of confidence, quite a lot of confidence, not very much confidence or none at all? — The armed forces",The armed forces,"['A great deal', 'Quite a lot', 'Not very much', 'None at all', ""Don't know""]",False
Q233,0.172,In your view how often do each of the following things occur in New Zealand's elections? — Women have equal opportunities to run for office,Women have equal opportunities to run for office,"['Very often', 'Fairly often', 'Not often', 'Not at all often']",True
Q236,0.172,"Listed below are various types of political systems. Please think about each one as a way of governing this country. For each one, would you say it is a very good, fairly good, fairly bad or very bad way of governing this country? — Having experts, not government, make decisions according to what they think is best for the country","Having experts, not government, make decisions according to what they think is best for the country","['Very good', 'Fairly good', 'Fairly bad', 'Very bad']",False
Q209,0.17,"Here are some different forms of political action that people can take. For each one, please indicate whether you have actually done any of these things, whether you might do it or would never, under any circumstances, do it. — Signing a petition",Signing a petition,"['Have done', 'Might do', 'Would never do']",False
Q198,0.17,Do you think that the New Zealand Government should or should not have the right to do each of the following? — Collect information about anyone living in New Zealand without their knowledge,Collect information about anyone living in New Zealand without their knowledge,"['Definitely should have the right', 'Probably should have the right', 'Probably should not have the right', 'Definitely should not have the right']",False
Q48,0.169,"Some people feel they have completely free choice and control over their lives, while other people feel that what they do has no real effect on what happens to them. Please use this scale where 1 means ""none at all"" and 10 means ""a great deal"" to indicate how much freedom of choice and control you feel you have over the way your life turns out.",,"['1', '2', '3', '4', '5', '6', '7', '8', '9', '10', ""Don't know""]",False
Q143,0.168,To what degree are you worried about the following situations? — Not being able to give my children a good education,Not being able to give my children a good education,"['Very much', 'A great deal', 'Not much', 'Not at all', ""Don't know""]",False
Q248,0.166,"Many things are desirable, but not all of them are essential characteristics of democracy. Please tell us, for each of the following things how essential you think it is as a characteristic of democracy? Use this scale where 1 means ""not at all an essential characteristic of democracy"" and 10 means it definitely is ""an essential characteristic of democracy"". — People obey their rulers",People obey their rulers,"['1', '2', '3', '4', '5', '6', '7', '8', '9', '10']",False
Q179,0.164,"Please indicate for each of the following statements whether you think it can always be justified, never be justified, or something in between. (1 = Never justifiable, 10 = Always justifiable) — Stealing property",Stealing property,"['1', '2', '3', '4', '5', '6', '7', '8', '9', '10']",False
Q127,0.16,"What have been the effects of immigration on the development of New Zealand? For each of the following statements, please indicate whether you agree or disagree with it. — Offers people from poorer countries a better living",Offers people from poorer countries a better living,"['Disagree', 'Hard to say', 'Agree']",True
Q150,0.159,"Most people consider both freedom and security to be important, but if you had to choose between them, which one would you consider most important?",,"['Freedom', 'Security', ""Don't know""]",False
Q139,0.159,Which of the following things have you done for reasons of security? — Didn't carry much money,Didn't carry much money,"['No', 'Yes']",False
Q174,0.159,Meaning of religion: To follow religious norms and ceremonies vs To do good to other people,,"['Follow religious norms and ceremonies', 'Do good to other people']",False
Q28,0.158,"People talk about the changing roles of men and women today. For each of the following statements, please indicate how much you agree or disagree. — A preschool child suffers if their mother works",A preschool child suffers if their mother works,"['Agree strongly', 'Agree', 'Disagree', 'Strongly disagree', ""Don't know""]",True
Q134,0.157,How frequently do the following things occur in your neighbourhood? — Police or military interference with people's private life,Police or military interference with people's private life,"['Not at all frequently', 'Not frequently', 'Quite frequently', 'Very Frequently', ""Don't know""]",False
Q119,0.157,"How strongly do you agree or disagree with the following statement: ""On the whole, women are less corrupt than men""?",,"['Strongly agree', 'Agree', 'Hard to say', 'Disagree', 'Strongly disagree']",True
Q17,0.157,"Here is a list of qualities that children can be encouraged to learn at home. Which, if any, do you consider to be especially important? — Obedience",Obedience,"['Important', 'Not mentioned']",False
Q66,0.154,"Here are the names of a number of organisations. For each one, please indicate how much confidence you have in them: is it a great deal of confidence, quite a lot of confidence, not very much confidence or none at all? — The press",The press,"['A great deal', 'Quite a lot', 'Not very much', 'None at all', ""Don't know""]",False
Q159,0.154,"Here are some statements about science and technology. How much do you agree or disagree with each of these statements? For these questions, a 1 means that you ""completely disagree"" and a 10 means that you ""completely agree."" — Because of science and technology, there will be more opportunities for the next generation","Because of science and technology, there will be more opportunities for the next generation","['1', '2', '3', '4', '5', '6', '7', '8', '9', '10']",False
Q138,0.153,How frequently do the following things occur in your neighbourhood? — Sexual harassment,Sexual harassment,"['Not at all frequently', 'Not frequently', 'Quite frequently', 'Very Frequently', ""Don't know""]",False
Q4,0.152,"Please indicate, for each of the following, how important it is in your life. — Politics",Politics,"['Very important', 'Rather important', 'Not very important', 'Not at all important', ""Don't know""]",False
Q96,0.15,"Listed below are different types of voluntary organisations. For each, are you an active member, an inactive member, or don't you belong? — Art, music or educational organisation","Art, music or educational organisation","[""Don't belong"", 'Inactive member', 'Active member']",False
Q69,0.146,"Here are the names of a number of organisations. For each one, please indicate how much confidence you have in them: is it a great deal of confidence, quite a lot of confidence, not very much confidence or none at all? — The police",The police,"['A great deal', 'Quite a lot', 'Not very much', 'None at all', ""Don't know""]",False
Q256,0.142,People have different views about themselves and how they relate to the world. Please tell us how close you feel to... — Your region of the country where you live,Your region of the country where you live,"['Very close', 'Close', 'Not very close', 'Not close at all']",False
Q197,0.142,Do you think that the New Zealand Government should or should not have the right to do each of the following? — Monitor all emails and any other information exchanged on the internet,Monitor all emails and any other information exchanged on the internet,"['Definitely should have the right', 'Probably should have the right', 'Probably should not have the right', 'Definitely should not have the right']",False
Q7,0.142,"Here is a list of qualities that children can be encouraged to learn at home. Which, if any, do you consider to be especially important? — Good manners",Good manners,"['Important', 'Not mentioned']",False
Q221,0.141,"When elections take place, do you always vote, usually vote, or never vote? Please tell us separately how often you vote at a local level, and at the national level. — Local level",Local level,"['Always', 'Usually', 'Never']",False
Q151,0.14,"Of course, we all hope there will not be another war, but if it were to come to that, would you be willing to fight for your country?",,"['Yes', 'No', ""Don't know""]",False
Q47,0.138,"All in all, how would you describe your state of health these days? Would you say it is:",,"['Very good', 'Good', 'Fair', 'Poor', 'Very poor']",False
Q60,0.136,Here are some questions about how much you trust people from various groups. Please indicate how much you trust... — People you know personally,People you know personally,"['Trust completely', 'Trust somewhat', 'Do not trust very much', 'Do not trust at all', ""Don't know""]",False
Q194,0.13,"Please indicate for each of the following statements whether you think it can always be justified, never be justified, or something in between. (1 = Never justifiable, 10 = Always justifiable) — Political violence",Political violence,"['1', '2', '3', '4', '5', '6', '7', '8', '9', '10']",False
Q259,0.129,People have different views about themselves and how they relate to the world. Please tell us how close you feel to... — The world as a whole,The world as a whole,"['Very close', 'Close', 'Not very close', 'Not close at all']",False
Q78,0.129,"Here are the names of a number of organisations. For each one, please indicate how much confidence you have in them: is it a great deal of confidence, quite a lot of confidence, not very much confidence or none at all? — Banks",Banks,"['A great deal', 'Quite a lot', 'Not very much', 'None at all', ""Don't know""]",False
Q59,0.129,Here are some questions about how much you trust people from various groups. Please indicate how much you trust... — Your neighbourhood,Your neighbourhood,"['Trust completely', 'Trust somewhat', 'Do not trust very much', 'Do not trust at all', ""Don't know""]",False
Q13,0.127,"Here is a list of qualities that children can be encouraged to learn at home. Which, if any, do you consider to be especially important? — Thrift, saving money and things","Thrift, saving money and things","['Important', 'Not mentioned']",False
Q5,0.125,"Please indicate, for each of the following, how important it is in your life. — Work",Work,"['Very important', 'Rather important', 'Not very important', 'Not at all important', ""Don't know""]",False
Q99,0.124,"Listed below are different types of voluntary organisations. For each, are you an active member, an inactive member, or don't you belong? — Environmental organisation",Environmental organisation,"[""Don't belong"", 'Inactive member', 'Active member']",False
Q191,0.124,"Please indicate for each of the following statements whether you think it can always be justified, never be justified, or something in between. (1 = Never justifiable, 10 = Always justifiable) — Violence against other people",Violence against other people,"['1', '2', '3', '4', '5', '6', '7', '8', '9', '10']",False
Q101,0.124,"Listed below are different types of voluntary organisations. For each, are you an active member, an inactive member, or don't you belong? — Charitable/humanitarian organisation",Charitable/humanitarian organisation,"[""Don't belong"", 'Inactive member', 'Active member']",False
Q222,0.123,"When elections take place, do you always vote, usually vote, or never vote? Please tell us separately how often you vote at a local level, and at the national level. — National level",National level,"['Always', 'Usually', 'Never']",False
Q56,0.12,"Comparing your standard of living with your parents' standard of living when they were about your age, would you say that you are better off, worse off, or about the same?",,"['Better off', 'About the same', 'Worse off']",False
Q206,0.117,How often do you use each of the following information sources? — Internet,Internet,"['Daily', 'Weekly', 'Monthly', 'Less than monthly', 'Never']",False
Q196,0.116,Do you think that the New Zealand Government should or should not have the right to do each of the following? — Keep people under video surveillance in public areas,Keep people under video surveillance in public areas,"['Definitely should have the right', 'Probably should have the right', 'Probably should not have the right', 'Definitely should not have the right']",False
Q255,0.114,"People have different views about themselves and how they relate to the world. Please tell us how close you feel to... — Your village, town or city where you live","Your village, town or city where you live","['Very close', 'Close', 'Not very close', 'Not close at all']",False
Q207,0.113,"How often do you use each of the following information sources? — Social media (Facebook, Twitter, etc.)","Social media (Facebook, Twitter, etc.)","['Daily', 'Weekly', 'Monthly', 'Less than monthly', 'Never']",False
Q234,0.112,Some people think that having honest elections makes a lot of difference in their lives; other people think that it does not matter much. How important would you say is having honest elections for you?,,"['Very important', 'Rather important', 'Not very important', 'Not at all important']",False
Q149,0.112,"Most people consider both freedom and equality to be important, but if you had to choose between them, which one would you consider most important?",,"['Freedom', 'Equality', ""Don't know""]",False
Q67,0.111,"Here are the names of a number of organisations. For each one, please indicate how much confidence you have in them: is it a great deal of confidence, quite a lot of confidence, not very much confidence or none at all? — Television",Television,"['A great deal', 'Quite a lot', 'Not very much', 'None at all', ""Don't know""]",False
Q95,0.109,"Listed below are different types of voluntary organisations. For each, are you an active member, an inactive member, or don't you belong? — Sport or recreational organisation",Sport or recreational organisation,"[""Don't belong"", 'Inactive member', 'Active member']",False
Q254,0.108,How proud are you to be a New Zealander?,,"['Very proud', 'Quite proud', 'Not very proud', 'Not at all proud', 'I am not [nationality]', ""Don't know""]",False
Q15,0.106,"Here is a list of qualities that children can be encouraged to learn at home. Which, if any, do you consider to be especially important? — Religious faith",Religious faith,"['Important', 'Not mentioned']",False
Q40,0.106,How much do you agree or disagree with the following statements? — Work is a duty towards society,Work is a duty towards society,"['Agree strongly', 'Agree', 'Neither agree nor disagree', 'Disagree', 'Strongly disagree', ""Don't know""]",False
Q44,0.105,"Listed below are various changes in our way of life that might take place in the near future. Please indicate whether you think each would be a good thing, a bad thing, or don't you mind? — More emphasis on the development of technology",More emphasis on the development of technology,"['Good thing', ""Don't mind"", 'Bad thing']",False
Q204,0.105,"How often do you use each of the following information sources? — Mobile phone (text, apps, alerts)","Mobile phone (text, apps, alerts)","['Daily', 'Weekly', 'Monthly', 'Less than monthly', 'Never']",False
Q58,0.104,Here are some questions about how much you trust people from various groups. Please indicate how much you trust... — Your family,Your family,"['Trust completely', 'Trust somewhat', 'Do not trust very much', 'Do not trust at all', ""Don't know""]",False
Q46,0.102,"Taking all things together, would you say you are:",,"['Very happy', 'Quite happy', 'Not very happy', 'Not at all happy', ""Don't know""]",False
Q203,0.098,How often do you use each of the following information sources? — Radio news,Radio news,"['Daily', 'Weekly', 'Monthly', 'Less than monthly', 'Never']",False
Q118,0.095,"How often do you think ordinary people like yourself or people from your neighbourhood have to pay a bribe, give a gift or do a favour to these people in order to get the services needed? Does it happen never, rarely, frequently or always?",,"['Never', 'Rarely', 'Frequently', 'Always']",False
Q258,0.093,People have different views about themselves and how they relate to the world. Please tell us how close you feel to... — The South Pacific,The South Pacific,"['Very close', 'Close', 'Not very close', 'Not close at all']",False
Q257,0.092,People have different views about themselves and how they relate to the world. Please tell us how close you feel to... — New Zealand as a whole,New Zealand as a whole,"['Very close', 'Close', 'Not very close', 'Not close at all']",False
Q38,0.092,How much do you agree or disagree with the following statements? — It is children's duty to take care of ill parents,It is children's duty to take care of ill parents,"['Agree strongly', 'Agree', 'Neither agree nor disagree', 'Disagree', 'Strongly disagree', ""Don't know""]",False
Q8,0.091,"Here is a list of qualities that children can be encouraged to learn at home. Which, if any, do you consider to be especially important? — Independence",Independence,"['Important', 'Not mentioned']",False
Q9,0.09,"Here is a list of qualities that children can be encouraged to learn at home. Which, if any, do you consider to be especially important? — Hard work",Hard work,"['Important', 'Not mentioned']",False
Q32,0.085,"People talk about the changing roles of men and women today. For each of the following statements, please indicate how much you agree or disagree. — Being a housewife is just as fulfilling as working for pay",Being a housewife is just as fulfilling as working for pay,"['Agree strongly', 'Agree', 'Disagree', 'Strongly disagree', ""Don't know""]",True
Q208,0.082,How often do you use each of the following information sources? — Talk with friends or colleagues,Talk with friends or colleagues,"['Daily', 'Weekly', 'Monthly', 'Less than monthly', 'Never']",False
Q192,0.082,"Please indicate for each of the following statements whether you think it can always be justified, never be justified, or something in between. (1 = Never justifiable, 10 = Always justifiable) — Terrorism as a political, ideological, or religious means","Terrorism as a political, ideological, or religious means","['1', '2', '3', '4', '5', '6', '7', '8', '9', '10']",False
Q20,0.081,Here are various groups of people. Could you please tick any that you would not like to have as neighbours? — People who have AIDS,People who have AIDS,"['Mentioned', 'Not mentioned']",False
Q181,0.08,"Please indicate for each of the following statements whether you think it can always be justified, never be justified, or something in between. (1 = Never justifiable, 10 = Always justifiable) — Someone accepting a bribe in the course of their duties",Someone accepting a bribe in the course of their duties,"['1', '2', '3', '4', '5', '6', '7', '8', '9', '10']",False
Q205,0.08,How often do you use each of the following information sources? — Email,Email,"['Daily', 'Weekly', 'Monthly', 'Less than monthly', 'Never']",False
Q105,0.078,"Listed below are different types of voluntary organisations. For each, are you an active member, an inactive member, or don't you belong? — Other organisation",Other organisation,"[""Don't belong"", 'Inactive member', 'Active member']",False
Q190,0.077,"Please indicate for each of the following statements whether you think it can always be justified, never be justified, or something in between. (1 = Never justifiable, 10 = Always justifiable) — Parents beating children",Parents beating children,"['1', '2', '3', '4', '5', '6', '7', '8', '9', '10']",True
Q3,0.07,"Please indicate, for each of the following, how important it is in your life. — Leisure time",Leisure time,"['Very important', 'Rather important', 'Not very important', 'Not at all important', ""Don't know""]",False
Q22,0.07,Here are various groups of people. Could you please tick any that you would not like to have as neighbours? — Homosexuals,Homosexuals,"['Mentioned', 'Not mentioned']",True
Q10,0.067,"Here is a list of qualities that children can be encouraged to learn at home. Which, if any, do you consider to be especially important? — Feeling of responsibility",Feeling of responsibility,"['Important', 'Not mentioned']",False
Q175,0.065,Meaning of religion: To make sense of life after death vs To make sense of life in this world,,"['Make sense of life after death', 'Make sense of life in this world']",False
Q97,0.061,"Listed below are different types of voluntary organisations. For each, are you an active member, an inactive member, or don't you belong? — Labour union",Labour union,"[""Don't belong"", 'Inactive member', 'Active member']",False
Q12,0.059,"Here is a list of qualities that children can be encouraged to learn at home. Which, if any, do you consider to be especially important? — Tolerance and respect for other people",Tolerance and respect for other people,"['Important', 'Not mentioned']",False
Q103,0.058,"Listed below are different types of voluntary organisations. For each, are you an active member, an inactive member, or don't you belong? — Self-help group, mutual aid group","Self-help group, mutual aid group","[""Don't belong"", 'Inactive member', 'Active member']",False
Q21,0.054,Here are various groups of people. Could you please tick any that you would not like to have as neighbours? — Immigrants/foreign workers,Immigrants/foreign workers,"['Mentioned', 'Not mentioned']",True
Q18,0.052,Here are various groups of people. Could you please tick any that you would not like to have as neighbours? — Drug addicts,Drug addicts,"['Mentioned', 'Not mentioned']",False
Q2,0.048,"Please indicate, for each of the following, how important it is in your life. — Friends",Friends,"['Very important', 'Rather important', 'Not very important', 'Not at all important', ""Don't know""]",False
Q104,0.047,"Listed below are different types of voluntary organisations. For each, are you an active member, an inactive member, or don't you belong? — Women's group",Women's group,"[""Don't belong"", 'Inactive member', 'Active member']",True
Q189,0.047,"Please indicate for each of the following statements whether you think it can always be justified, never be justified, or something in between. (1 = Never justifiable, 10 = Always justifiable) — For a man to beat his wife",For a man to beat his wife,"['1', '2', '3', '4', '5', '6', '7', '8', '9', '10']",True
Q141,0.046,"Which of the following things have you done for reasons of security? — Carried a knife, gun or other weapon","Carried a knife, gun or other weapon","['No', 'Yes']",False
Q98,0.045,"Listed below are different types of voluntary organisations. For each, are you an active member, an inactive member, or don't you belong? — Political party",Political party,"[""Don't belong"", 'Inactive member', 'Active member']",False
Q26,0.034,Here are various groups of people. Could you please tick any that you would not like to have as neighbours? — People who speak a different language,People who speak a different language,"['Mentioned', 'Not mentioned']",False
Q1,0.033,"Please indicate, for each of the following, how important it is in your life. — Family",Family,"['Very important', 'Rather important', 'Not very important', 'Not at all important', ""Don't know""]",False
Q19,0.031,Here are various groups of people. Could you please tick any that you would not like to have as neighbours? — People of a different race,People of a different race,"['Mentioned', 'Not mentioned']",False
Q102,0.026,"Listed below are different types of voluntary organisations. For each, are you an active member, an inactive member, or don't you belong? — Consumer organisation",Consumer organisation,"[""Don't belong"", 'Inactive member', 'Active member']",False
Q16,0.018,"Here is a list of qualities that children can be encouraged to learn at home. Which, if any, do you consider to be especially important? — Unselfishness",Unselfishness,"['Important', 'Not mentioned']",False
Q25,0.018,Here are various groups of people. Could you please tick any that you would not like to have as neighbours? — Unmarried couples living together,Unmarried couples living together,"['Mentioned', 'Not mentioned']",False
Q24,0.015,Here are various groups of people. Could you please tick any that you would not like to have as neighbours? — Heavy drinkers,Heavy drinkers,"['Mentioned', 'Not mentioned']",False
Q23,0.014,Here are various groups of people. Could you please tick any that you would not like to have as neighbours? — People of a different religion,People of a different religion,"['Mentioned', 'Not mentioned']",False
