,LCA,K-Modes,MCA+KMeans,MCA+Ward,MCA+KMedoids,MCA+Spectral,MCA+HDBSCAN,MCA+SOM,MCA+GMM
LCA,1.0,0.344,0.252,-0.002,0.002,0.0,0.002,0.001,0.085
K-Modes,0.344,1.0,0.295,-0.001,0.001,0.001,0.002,0.001,0.079
MCA+KMeans,0.252,0.295,1.0,0.104,0.12,0.093,0.031,0.057,0.314
MCA+Ward,-0.002,-0.001,0.104,1.0,0.586,0.508,0.175,0.573,0.085
MCA+KMedoids,0.002,0.001,0.12,0.586,1.0,0.458,0.173,0.266,0.105
MCA+Spectral,0.0,0.001,0.093,0.508,0.458,1.0,0.704,0.137,0.072
MCA+HDBSCAN,0.002,0.002,0.031,0.175,0.173,0.704,1.0,0.149,0.044
MCA+SOM,0.001,0.001,0.057,0.573,0.266,0.137,0.149,1.0,0.085
MCA+GMM,0.085,0.079,0.314,0.085,0.105,0.072,0.044,0.085,1.0
