id,cluster,prob_cluster_0,prob_cluster_1
1.0,0,1.0,9.102086010550818e-15
2.0,1,4.684595934715633e-15,1.0
3.0,0,0.9997531016707295,0.00024689832924451187
4.0,0,1.0,1.2442392042956518e-21
5.0,0,0.9999999999408828,5.910299376189856e-11
6.0,0,1.0,2.967830023743709e-16
7.0,0,1.0,2.310899260160382e-18
8.0,1,1.0828354616016599e-07,0.9999998917164478
9.0,0,0.9999999999734257,2.6583808096502856e-11
10.0,1,3.6555286621880034e-24,1.0
11.0,0,0.9999999999999716,2.37878578243472e-14
12.0,0,0.9999999999256204,7.437914381383417e-11
13.0,0,1.0,2.2208373579896625e-28
14.0,0,0.9999999999742784,2.5735269957663807e-11
15.0,1,6.617508021299882e-14,0.9999999999999432
16.0,0,1.0,6.233394098397259e-18
17.0,0,0.9521689333627544,0.04783106663723604
18.0,1,2.4622394690828294e-16,1.0
19.0,0,1.0,8.974273116584177e-17
20.0,1,0.017637394037732682,0.9823626059622744
21.0,1,4.912112258560233e-96,1.0
22.0,0,1.0,7.01555799049367e-21
23.0,1,7.341189728364592e-51,1.0
24.0,0,0.99334028609343,0.006659713906565741
25.0,1,1.2707223263641228e-07,0.9999998729277958
26.0,1,9.969086911008474e-50,1.0
27.0,1,3.435548297437382e-15,1.0
28.0,1,7.437527492446861e-05,0.9999256247250854
29.0,0,1.0,1.8716338605569757e-28
30.0,1,1.5292261670979272e-30,1.0
31.0,1,1.6684442067990778e-19,1.0
32.0,0,0.999881829227987,0.00011817077202651391
33.0,1,8.973975024293106e-07,0.999999102602492
34.0,1,4.1388412631146737e-14,0.9999999999999716
35.0,0,1.0,1.9106176841354185e-19
36.0,0,0.9999995535660136,4.4643398050020397e-07
37.0,0,0.9999999999998863,1.0012167426171087e-13
38.0,1,2.2580200613160554e-22,1.0
39.0,1,0.0008121159767655474,0.999187884023217
40.0,0,0.9999999999990337,9.631301983319455e-13
41.0,1,8.409708271423733e-06,0.9999915902917332
42.0,0,1.0,2.3715244771072587e-33
43.0,1,1.6157135102913255e-26,1.0
44.0,1,1.3264345779017863e-06,0.9999986735654134
45.0,0,0.9875387864128041,0.012461213587194656
46.0,0,0.9998151801441569,0.000184819855823922
47.0,1,8.426509886878843e-12,0.9999999999915872
48.0,0,1.0,8.924474033874553e-22
49.0,1,1.3801274262701222e-39,1.0
50.0,0,0.9999896318550198,1.0368144967449603e-05
51.0,0,0.9999780047947135,2.1995205282467307e-05
52.0,0,0.9980802788925452,0.0019197211074586575
53.0,0,1.0,1.6101000577348937e-23
54.0,1,3.485538312811111e-05,0.9999651446168856
55.0,0,1.0,8.105123382946654e-16
56.0,0,0.999963089367216,3.691063277580822e-05
57.0,1,3.2342645007916743e-06,0.9999967657354893
58.0,0,0.9999995102471138,4.897528588014106e-07
59.0,0,0.9994976318813842,0.0005023681186118198
60.0,0,0.9999997665500177,2.3344998415689502e-07
61.0,1,3.4608763532686253e-15,1.0
62.0,1,0.33487940233687663,0.6651205976631306
63.0,1,7.571434576608955e-10,0.9999999992428457
64.0,0,0.999999999725901,2.7411169313465157e-10
65.0,0,0.9999999999989768,9.960799968413655e-13
66.0,1,4.986500011549384e-29,1.0
67.0,0,1.0,1.3619570257233509e-14
68.0,1,1.172540454585229e-30,1.0
69.0,0,1.0,4.2318070500368086e-24
70.0,1,9.708230178781561e-22,1.0
71.0,0,0.999922526132118,7.747386788414352e-05
72.0,1,3.862093898490416e-10,0.9999999996137774
73.0,0,1.0,1.2357873156203198e-18
74.0,0,0.9999857804472213,1.4219552785825492e-05
75.0,0,0.9999797322808668,2.026771911938051e-05
76.0,0,1.0,9.131366910628948e-19
77.0,1,5.29964097757873e-63,1.0
78.0,1,3.361337906689566e-26,1.0
79.0,1,0.0035398027249620824,0.9964601972750305
80.0,0,1.0,2.279195468904777e-29
81.0,0,0.9999999999996021,3.90316361230738e-13
82.0,1,1.9536147434296684e-07,0.9999998046385392
83.0,1,1.6097786625686976e-29,1.0
84.0,0,1.0,1.7523250850202909e-23
85.0,1,7.513291251151745e-83,1.0
86.0,0,1.0,1.8068905693255335e-19
87.0,0,0.9999695447695687,3.045523043801384e-05
88.0,0,0.9999999948767311,5.123261618683136e-09
89.0,0,1.0,9.896450454479867e-20
90.0,0,0.9999999898064971,1.0193516239054025e-08
91.0,1,2.7951014855187437e-05,0.9999720489851516
92.0,0,0.9999999999997726,2.308243099966347e-13
93.0,1,2.8874447844087144e-10,0.9999999997112354
94.0,0,1.0,1.7968765345829306e-34
95.0,0,0.9878740526978617,0.012125947302139351
96.0,0,1.0,1.2634770983371297e-24
97.0,1,6.223467348562462e-55,1.0
98.0,1,6.753185685521861e-11,0.99999999993247
99.0,1,7.612621783185982e-57,1.0
100.0,0,1.0,2.309502835331016e-24
101.0,0,0.9999999999629949,3.7014908158131296e-11
102.0,0,0.9950398886479271,0.0049601113520678815
103.0,1,3.126146355968521e-05,0.999968738536462
104.0,0,1.0,1.2077990407709996e-17
105.0,1,0.00022065076535944633,0.999779349234659
106.0,0,0.9999999999999432,6.105554538776833e-14
107.0,0,1.0,2.0950241234738638e-23
108.0,0,0.9999999999968168,3.1772577297136375e-12
109.0,1,8.910115995736735e-51,1.0
110.0,1,1.5541851798564936e-17,1.0
111.0,1,2.5733227039448303e-14,0.9999999999999716
112.0,1,2.51842620553676e-12,0.9999999999974705
113.0,0,0.9999999999830607,1.694621282742968e-11
114.0,0,1.0,8.508899286074907e-16
115.0,1,6.089207949736778e-21,1.0
116.0,1,9.561923963398343e-31,1.0
117.0,1,9.85496851080026e-27,1.0
118.0,0,0.9937325262586271,0.006267473741387672
119.0,0,0.9999974701103326,2.5298896658899252e-06
120.0,0,0.8125794111644942,0.18742058883549523
121.0,1,3.443971687769102e-21,1.0
122.0,1,1.0258303629074022e-11,0.9999999999897682
123.0,1,8.482692065664134e-27,1.0
124.0,1,1.2284939700986725e-24,1.0
125.0,1,0.002002961803452635,0.9979970381965341
126.0,1,1.1871623067704085e-22,1.0
127.0,0,0.9999999397335859,6.026640468229847e-08
128.0,0,1.0,3.2611640180490706e-37
129.0,1,2.2361429428997387e-13,0.9999999999997726
130.0,0,0.9999999980823873,1.9175937981632613e-09
131.0,0,1.0,1.464858819467176e-27
132.0,1,5.18650009502815e-14,0.9999999999999432
133.0,0,0.9999986625900722,1.337409914597171e-06
134.0,0,0.9999657341299819,3.426587001075676e-05
135.0,1,0.016729053713224185,0.9832709462867639
136.0,1,2.052133323999206e-111,1.0
137.0,0,1.0,2.2156951059971626e-30
138.0,0,0.9775893301181213,0.02241066988189121
139.0,0,1.0,1.781464430369683e-21
140.0,0,1.0,1.2823268873100786e-17
141.0,0,0.9930582510208957,0.006941748979090966
142.0,1,1.0605572463533627e-55,1.0
143.0,0,1.0,8.549495368154607e-20
144.0,1,8.562648562762333e-18,1.0
145.0,0,0.9995156132868772,0.0004843867131444455
146.0,0,0.9999999999989768,1.032728363133045e-12
147.0,1,2.6464100459565836e-13,0.9999999999997442
148.0,0,0.9951202884697404,0.004879711530256922
149.0,0,0.9981881928077327,0.0018118071922567304
150.0,0,1.0,1.2013869330675393e-22
151.0,0,1.0,1.1404098406135e-30
152.0,1,2.471183914045236e-39,1.0
153.0,1,4.5682076951992725e-05,0.9999543179230389
154.0,1,1.6504466625088727e-15,1.0
155.0,1,2.5790481109090265e-22,1.0
156.0,1,1.1444867982618767e-06,0.9999988555132132
157.0,1,3.710241696299856e-14,0.9999999999999432
158.0,0,0.9999999978548431,2.145140284657113e-09
159.0,0,0.9999999999986358,1.3690675316884723e-12
160.0,1,0.0014468772707194582,0.9985531227292798
161.0,1,6.028270633597792e-12,0.9999999999939746
162.0,0,0.9999999999992326,7.626912054860797e-13
163.0,1,1.1919448939963391e-06,0.9999988080550961
164.0,1,2.5808310547016677e-13,0.9999999999997158
165.0,0,0.9999999999827764,1.723516589178636e-11
166.0,0,1.0,1.5143055220703783e-19
167.0,1,9.400232623552026e-14,0.9999999999998863
168.0,0,0.9999999998129852,1.8700880893059157e-10
169.0,0,1.0,3.739565686410955e-22
170.0,1,5.4087990181452494e-45,1.0
171.0,1,0.01609221633437383,0.9839077836656188
172.0,1,1.3515788502827863e-33,1.0
173.0,1,1.4661261032628124e-21,1.0
174.0,1,4.456032987182912e-19,1.0
175.0,1,3.1641294710784853e-09,0.9999999968358679
176.0,1,1.465443026489671e-27,1.0
177.0,0,0.9999944401678479,5.559832165331547e-06
178.0,0,1.0,1.2810146174994106e-22
179.0,0,0.9999987103899246,1.289610096314181e-06
180.0,1,0.00014463162883167078,0.999855368371165
181.0,0,1.0,7.756186111361053e-33
182.0,0,1.0,1.0817673718282894e-23
183.0,0,0.9994314966361713,0.000568503363825496
184.0,0,0.9999999843562365,1.564377287404524e-08
185.0,0,0.9999999999902514,9.750894049444559e-12
186.0,0,0.9999999999999716,2.276281478016746e-14
187.0,0,0.9999999999999716,4.173365766567346e-14
188.0,1,1.9825784549386404e-12,0.9999999999980105
189.0,0,0.9999999993684412,6.315476421982036e-10
190.0,1,3.037768340612919e-50,1.0
191.0,0,0.9248522274904867,0.07514777250950308
192.0,1,1.0736430463434672e-78,1.0
193.0,0,0.999999731153175,2.6884681878010594e-07
195.0,1,4.937683184286146e-64,1.0
196.0,0,0.9999999999638476,3.614813437803328e-11
197.0,1,8.47838139155679e-07,0.9999991521618666
198.0,1,7.340296667866142e-09,0.9999999926596956
199.0,0,0.9999999985189447,1.4810670347438708e-09
200.0,0,1.0,3.761539661663359e-18
201.0,1,7.173286848646682e-09,0.9999999928267016
202.0,0,1.0,2.475928657724386e-20
203.0,1,1.3586267750867293e-15,1.0
204.0,1,4.59804751975463e-23,1.0
205.0,1,4.134457654981187e-31,1.0
206.0,0,0.9999999997925215,2.0747954783251897e-10
207.0,0,1.0,3.574511530358055e-18
208.0,0,0.9867786822669716,0.013221317733039513
209.0,1,2.6564235281798784e-17,1.0
210.0,0,0.9999999999999716,2.163096459621126e-14
211.0,1,1.654766772113416e-05,0.9999834523322658
212.0,1,0.017141181295708935,0.9828588187043041
213.0,1,4.434926051060677e-10,0.9999999995565076
214.0,0,1.0,1.3454365860200738e-20
215.0,1,3.1000153628021686e-71,1.0
216.0,0,0.9893789740443518,0.010621025955635523
217.0,1,0.0002859888964508044,0.9997140111035523
218.0,0,0.9999999999999147,7.719282030090349e-14
219.0,1,4.4369372090580035e-49,1.0
220.0,1,1.1935991487301696e-08,0.999999988064019
221.0,1,0.0027115421908411193,0.9972884578091653
222.0,0,0.9999998595000178,1.404999909384736e-07
223.0,1,2.226147814053406e-08,0.9999999777385258
224.0,0,0.9988691484508211,0.0011308515491926423
225.0,1,1.3580304544238446e-24,1.0
226.0,0,0.9999999998928217,1.0718722242948382e-10
227.0,1,2.4774266687673086e-14,0.9999999999999716
228.0,1,2.8699797855491256e-28,1.0
229.0,1,0.0011443507788013025,0.998855649221186
230.0,1,8.698572049261504e-28,1.0
231.0,0,0.999998430228014,1.569771979132584e-06
232.0,1,2.5750376376717334e-14,1.0
233.0,1,1.0585646636166033e-36,1.0
234.0,0,1.0,1.021479208311821e-19
235.0,0,0.9999999927198928,7.2800858278224405e-09
236.0,0,1.0,1.6377353690587745e-22
237.0,1,2.7329852610538302e-05,0.9999726701473779
238.0,0,0.9999995236253196,4.763746767782906e-07
239.0,0,1.0,2.131788515729812e-24
240.0,1,1.39000067861891e-40,1.0
241.0,0,1.0,7.973607651100568e-28
242.0,0,0.999863830826618,0.00013616917337862168
243.0,0,0.9999999999843112,1.5694152805060923e-11
244.0,1,8.819488448808065e-15,1.0
245.0,1,7.183356285171918e-42,1.0
246.0,1,2.7865878821059404e-34,1.0
247.0,0,0.9999999999936335,6.3565037623166005e-12
248.0,0,0.999999999990564,9.44186222625952e-12
249.0,0,1.0,3.7660276103925723e-16
250.0,0,0.9216975940143654,0.0783024059856364
251.0,1,5.844249743858145e-23,1.0
252.0,1,3.77731374656623e-18,1.0
253.0,1,2.4653404597409963e-10,0.9999999997534701
254.0,0,1.0,1.2807037624170851e-26
255.0,0,1.0,4.103545097726573e-20
256.0,0,0.9999999999998295,1.7936211899980175e-13
257.0,0,0.9999999999960494,3.953603311352296e-12
258.0,0,1.0,2.537777628089717e-25
259.0,1,1.385244801486239e-72,1.0
260.0,1,2.998190515487364e-22,1.0
261.0,0,1.0,1.0318729285606474e-15
262.0,1,3.5407005952055735e-48,1.0
263.0,0,0.9955512335487996,0.004448766451196789
264.0,1,0.0006491906437743553,0.9993508093562201
265.0,1,1.7266018227194875e-11,0.9999999999827196
266.0,0,0.9996491821632487,0.0003508178367550471
267.0,1,1.0193166162992612e-41,1.0
268.0,1,1.4866746089206438e-08,0.9999999851332576
269.0,0,0.9736855082728834,0.02631449172711424
270.0,0,1.0,1.0786631809968154e-27
271.0,0,1.0,1.5585471599207392e-25
272.0,0,0.9999999896122631,1.0387724569000382e-08
273.0,1,3.776135612468963e-32,1.0
274.0,1,3.0079264901586702e-06,0.9999969920735102
275.0,1,9.705991634835807e-09,0.9999999902940147
276.0,0,1.0,3.104110675908517e-19
277.0,0,1.0,2.211455399919823e-19
278.0,0,1.0,8.608336997972673e-24
279.0,0,0.99999999999946,5.403399163952517e-13
280.0,0,1.0,5.697136301420855e-21
281.0,1,5.047500444162372e-10,0.9999999994952304
282.0,0,0.9999999999977263,2.2472182579199583e-12
283.0,1,0.0019107927749815016,0.9980892072250197
284.0,0,1.0,2.08754873242847e-15
285.0,1,1.8480563506293992e-16,1.0
286.0,0,0.9719877195312097,0.02801228046880128
287.0,1,0.06951975980950385,0.9304802401905058
288.0,0,0.9999998662457675,1.3375422584075918e-07
289.0,0,1.0,7.554164220590531e-19
290.0,1,2.5429021446101538e-52,1.0
291.0,1,1.687831274611413e-11,0.9999999999831175
292.0,1,1.4415750082433167e-25,1.0
293.0,0,0.9999926030381676,7.396961854710939e-06
294.0,1,2.6090780993726822e-17,1.0
295.0,1,4.0086817001451e-14,0.9999999999999432
296.0,0,1.0,1.73892845856436e-23
297.0,1,1.703536607065594e-27,1.0
298.0,1,2.043948573842437e-08,0.9999999795605279
299.0,1,1.4136996503839879e-46,1.0
300.0,0,0.9999979377444906,2.062255497694794e-06
301.0,0,1.0,5.568283064201276e-22
302.0,1,2.4796741223038696e-40,1.0
303.0,0,0.9476095949127955,0.052390405087211725
304.0,1,4.167247367045251e-46,1.0
305.0,1,0.0009524597179590012,0.9990475402820421
306.0,1,2.6645467723539894e-06,0.9999973354532273
307.0,1,4.327160439188747e-93,1.0
308.0,0,1.0,1.448831547069476e-23
309.0,1,2.2151595174704064e-18,1.0
310.0,1,7.185568386463072e-07,0.9999992814431687
311.0,0,1.0,5.828176937194606e-29
312.0,1,6.621635500886376e-12,0.9999999999933777
313.0,1,0.0024711160786893066,0.9975288839213208
314.0,1,1.027532961396898e-10,0.9999999998972271
315.0,1,9.468543634193676e-07,0.9999990531456369
316.0,1,2.402616621019175e-22,1.0
317.0,0,1.0,1.101940340007099e-21
318.0,1,2.5309162048992335e-32,1.0
319.0,1,3.236224985385817e-17,1.0
320.0,1,2.2882691613497106e-10,0.9999999997711768
321.0,1,2.129291715841973e-50,1.0
322.0,1,2.4592616859989227e-05,0.9999754073831432
323.0,0,1.0,3.8364737243768465e-26
324.0,0,1.0,4.867716862577537e-28
325.0,0,0.9999999999999716,1.822095397603932e-14
326.0,1,1.6063653951151081e-18,1.0
327.0,1,4.159572990253886e-12,0.9999999999958504
328.0,0,1.0,1.3859810862200997e-28
329.0,0,0.9999989883523314,1.0116476860719143e-06
330.0,1,7.163128866529755e-09,0.9999999928368766
331.0,1,2.455103197533716e-59,1.0
332.0,0,0.9999999999820375,1.796287274784252e-11
333.0,0,0.9999994782884809,5.217115166388615e-07
334.0,1,4.594896948450432e-15,1.0
335.0,1,0.00018696302138510504,0.9998130369786092
336.0,1,1.7458786262798488e-35,1.0
337.0,1,1.880905018139783e-33,1.0
338.0,0,0.9999999999872671,1.2726778840445369e-11
339.0,1,1.0201992710927612e-28,1.0
340.0,1,1.3797008540870183e-32,1.0
341.0,0,0.9999999999700719,2.992499822763506e-11
342.0,0,0.9997748857153453,0.00022511428466094887
343.0,0,0.9995597362258519,0.00044026377414624075
344.0,0,0.9977115655561465,0.002288434443849696
345.0,0,1.0,3.8544463600349136e-22
346.0,0,0.926012605994387,0.07398739400562677
347.0,1,4.832772925448398e-15,1.0
348.0,1,4.340244956207841e-37,1.0
349.0,0,0.9994955610590297,0.0005044389409658358
350.0,0,0.999999480861099,5.191388996885449e-07
351.0,0,0.9999999999936335,6.373966351843488e-12
352.0,1,1.9202841616602326e-67,1.0
353.0,0,0.9912986108455957,0.008701389154416811
354.0,0,1.0,1.1550993897019064e-21
355.0,1,2.4136396757205906e-53,1.0
356.0,0,0.9999999999798774,2.0126949123698026e-11
357.0,1,2.939469725728403e-17,1.0
358.0,1,8.990529343715115e-46,1.0
359.0,0,0.9999859701622373,1.4029837775728403e-05
360.0,0,1.0,2.1346136547688112e-15
361.0,0,0.9999998221754127,1.7782459537697885e-07
362.0,0,1.0,7.34695728684054e-23
363.0,0,0.9643564088174341,0.03564359118257981
364.0,0,0.9992050371012405,0.000794962898760574
365.0,1,2.321111775023771e-14,0.9999999999999716
366.0,1,0.010321094602658757,0.9896789053973428
367.0,0,0.9999980650679806,1.934932011500612e-06
368.0,0,0.9599875643881272,0.04001243561185913
369.0,1,3.6207669891054075e-14,0.9999999999999716
370.0,1,3.6911096947577823e-16,1.0
371.0,0,0.9999957973308177,4.202669177871734e-06
372.0,1,1.5595544891202968e-05,0.9999844044551148
373.0,0,0.9999999978616927,2.1383030269486358e-09
374.0,0,1.0,1.2372713903973367e-28
375.0,1,3.066767479123701e-44,1.0
376.0,1,1.3904149258642323e-17,1.0
377.0,0,0.9999999999999432,6.314685302360667e-14
378.0,1,2.449693744056751e-11,0.9999999999755005
379.0,0,0.9989635317218909,0.0010364682781065866
380.0,1,1.6723162673600467e-17,1.0
381.0,1,7.573175980125453e-14,0.9999999999999147
382.0,1,5.638582964827063e-19,1.0
383.0,0,1.0,1.0977703877666723e-18
384.0,0,1.0,2.1096085650584797e-27
385.0,0,1.0,1.2277802807794045e-14
386.0,0,1.0,9.431605637926883e-17
387.0,1,3.474413739630333e-73,1.0
388.0,0,0.9999627574027035,3.724259727838997e-05
389.0,1,5.3046027654904614e-15,1.0
390.0,1,0.0009260401054118637,0.9990739598945906
391.0,0,0.9999999999999432,3.2616080535083377e-14
392.0,0,0.9828119594524282,0.017188040547594423
393.0,0,0.9999999999242846,7.571213202192179e-11
394.0,0,1.0,1.9418511543051197e-26
395.0,0,1.0,4.0436613885109337e-16
396.0,1,3.895247723367326e-18,1.0
397.0,0,0.999999999968793,3.1204935561293484e-11
398.0,1,5.396291687265765e-37,1.0
399.0,0,0.9959278959730249,0.0040721040269816105
400.0,1,4.432426582084764e-17,1.0
401.0,1,4.09828653362944e-21,1.0
402.0,0,1.0,8.878776412740384e-22
403.0,0,0.9999999807465658,1.925342449721123e-08
404.0,1,8.006863341315672e-12,0.9999999999919851
405.0,1,6.535673013495795e-07,0.9999993464326953
406.0,0,0.9999970589189693,2.941081036586131e-06
407.0,1,0.00010951821594739537,0.9998904817840583
408.0,0,1.0,1.252500460069132e-18
409.0,0,1.0,3.864716238738832e-28
410.0,0,0.9999970359962604,2.9640037409038358e-06
411.0,1,3.959968727332069e-08,0.9999999604003172
412.0,0,0.9999996379620002,3.620379894080996e-07
413.0,1,2.560167770321917e-08,0.9999999743983213
414.0,1,4.459016175858787e-16,1.0
415.0,0,0.9999833016288273,1.6698371165408767e-05
416.0,0,1.0,1.9916829236816542e-19
417.0,0,1.0,1.1140284991854086e-14
418.0,1,3.0732458337334265e-09,0.9999999969267606
419.0,0,1.0,7.402338118837712e-23
420.0,0,0.9999999991602238,8.397743460342251e-10
421.0,1,3.5641345544654774e-11,0.9999999999643592
422.0,1,2.204564480759336e-05,0.9999779543551913
423.0,0,0.9999999839866974,1.601329854493678e-08
424.0,0,1.0,8.918915212104555e-27
425.0,0,1.0,1.9753992842266688e-20
426.0,1,5.470708512835713e-22,1.0
427.0,1,0.0003641647176863132,0.9996358352823015
428.0,0,0.9511791727345723,0.048820827265421626
429.0,0,0.9999999722826377,2.7717370117144155e-08
430.0,1,2.7197207419308093e-18,1.0
431.0,1,2.640733684246888e-07,0.9999997359266282
432.0,0,0.9999999999744205,2.5571433464879012e-11
433.0,1,2.9596048980521655e-08,0.9999999704039628
434.0,1,9.474389863663632e-40,1.0
435.0,0,0.999997229782622,2.7702173684393946e-06
436.0,1,1.1411198852790419e-06,0.9999988588801019
437.0,1,1.032958432871463e-34,1.0
438.0,1,1.694330530608966e-27,1.0
439.0,1,8.376373969881793e-30,1.0
440.0,0,0.9999999999866418,1.3367931273587339e-11
441.0,0,0.9999998359478034,1.640522018996826e-07
442.0,1,2.7158597745827734e-52,1.0
443.0,0,0.9964078575631261,0.0035921424368834157
444.0,0,1.0,1.879547567589935e-21
445.0,0,0.9999996761257206,3.2387429187221566e-07
446.0,1,5.143012579135029e-14,0.9999999999999432
447.0,1,9.052953039698558e-10,0.9999999990947117
448.0,0,0.9999999999996874,2.992766560228873e-13
449.0,1,4.344109942736986e-08,0.999999956558896
450.0,0,0.9999999745093934,2.5490595742267045e-08
451.0,1,1.0312783143729108e-15,1.0
452.0,0,0.9994845432065669,0.0005154567934251971
453.0,1,0.0031333824549221127,0.9968666175450529
454.0,0,0.9999893234503169,1.0676549710101697e-05
455.0,0,1.0,5.149197486268085e-16
456.0,0,1.0,1.8951944658023164e-15
457.0,0,0.9999999354313921,6.456860091431001e-08
458.0,1,0.0001772888142744395,0.9998227111857163
459.0,0,0.9989727482140768,0.001027251785925498
460.0,1,4.596144386765517e-13,0.9999999999995453
461.0,0,0.9549360098427812,0.04506399015721367
462.0,1,1.3972566633393468e-05,0.9999860274333685
463.0,0,0.9222929322961733,0.0777070677038031
464.0,0,0.9999999984988222,1.501170484782888e-09
465.0,1,0.00014710610222743752,0.9998528938977772
466.0,1,6.32007164749431e-16,1.0
467.0,0,1.0,4.644216086995169e-18
468.0,0,1.0,2.3807070272448865e-20
469.0,0,0.9999999188796413,8.112035953116207e-08
470.0,1,5.900601437099434e-21,1.0
471.0,1,7.7509900314246945e-28,1.0
472.0,0,0.9999962747972441,3.7252027425264703e-06
473.0,1,1.1495501867469292e-19,1.0
474.0,0,0.9999999995757491,4.242374907545321e-10
475.0,0,1.0,1.2063968776669185e-17
476.0,0,1.0,3.309423328250648e-21
477.0,1,1.8475003651429842e-32,1.0
478.0,0,0.999945277715404,5.472228459385248e-05
479.0,0,0.9953495140459173,0.0046504859540935405
480.0,0,0.9484009512587125,0.05159904874128273
481.0,1,4.175254551402513e-15,1.0
482.0,1,1.077267200085648e-26,1.0
483.0,0,0.9999958960190242,4.103980978026701e-06
484.0,0,0.9999469706465036,5.302935350756294e-05
485.0,0,1.0,3.130633895849353e-26
486.0,1,7.357842116190538e-06,0.9999926421578893
487.0,0,0.9999923708704425,7.629129561640099e-06
488.0,1,6.275670534535145e-29,1.0
489.0,1,5.467314663998458e-31,1.0
490.0,1,1.254951355919229e-25,1.0
491.0,0,1.0,1.7548157047591638e-23
492.0,1,9.994993656607824e-11,0.9999999999000408
493.0,1,6.213846627482704e-29,1.0
494.0,0,0.9999999699981008,3.0001899938206333e-08
495.0,0,0.9995479467716656,0.00045205322833414896
496.0,1,2.7246501725072063e-06,0.9999972753498299
497.0,0,1.0,5.721377060012266e-30
498.0,1,3.753653056541658e-11,0.9999999999624549
499.0,0,1.0,1.9195971817257202e-23
500.0,1,0.0026841706062028545,0.9973158293937993
501.0,0,1.0,1.8928185207332472e-19
502.0,0,0.9999996913347978,3.0866520588422933e-07
503.0,1,7.581375037826842e-05,0.9999241862496192
504.0,1,1.3157938902320971e-08,0.999999986842056
505.0,0,0.9999918349189116,8.165081098920135e-06
506.0,1,3.775870651602878e-13,0.9999999999996305
507.0,0,0.9999999973138927,2.6860954173139497e-09
508.0,0,1.0,1.3071546549699742e-16
509.0,1,4.863659118527647e-05,0.999951363408797
510.0,1,1.2689901498815793e-05,0.999987310098503
511.0,1,1.3212882549481163e-08,0.9999999867871453
512.0,0,0.9999999999870397,1.2969209149913045e-11
513.0,1,1.8418028910854193e-06,0.9999981581971064
514.0,1,3.970669324918791e-20,1.0
515.0,1,7.940310918417441e-44,1.0
516.0,0,1.0,2.1232234038064017e-20
517.0,0,1.0,8.117445215891452e-24
518.0,0,0.9999999999830607,1.69430436635869e-11
519.0,0,0.9999999999990621,9.518878710185203e-13
520.0,0,0.9999999988397121,1.1602991254161146e-09
521.0,1,6.434099121428164e-44,1.0
522.0,0,0.9999999995345661,4.6543917786881254e-10
523.0,0,1.0,1.95834003602264e-15
524.0,1,4.134924358869778e-07,0.9999995865075848
525.0,1,1.1890789495257333e-18,1.0
526.0,0,0.9999998993608352,1.0063919276695887e-07
527.0,0,0.9963553712815876,0.0036446287184163295
528.0,1,7.242126485063006e-30,1.0
529.0,0,0.9979114439664659,0.0020885560335338663
530.0,0,1.0,1.4879694910084025e-19
531.0,1,2.2011117373715503e-44,1.0
532.0,0,1.0,5.775281261443638e-17
533.0,0,1.0,1.8526617552200586e-18
534.0,0,0.9999999999571969,4.2813435833083054e-11
535.0,1,8.867436573064126e-98,1.0
536.0,0,0.9999999982746317,1.7253619822420954e-09
537.0,0,0.9999999999728573,2.713255147413466e-11
538.0,1,5.57239648612286e-33,1.0
539.0,1,1.1506294337933532e-10,0.9999999998849489
540.0,1,7.637106710256526e-08,0.999999923628937
541.0,0,1.0,7.07546038961443e-29
542.0,0,0.9999999998394173,1.6059282838800676e-10
543.0,1,2.2143589646928433e-53,1.0
544.0,1,3.592769789545617e-16,1.0
545.0,1,2.4412951957646826e-13,0.9999999999997442
546.0,1,0.00020475454663751262,0.9997952454533551
547.0,1,1.473079981356828e-18,1.0
548.0,1,8.350403864689333e-08,0.9999999164959411
549.0,0,1.0,5.1700599743190835e-17
550.0,1,1.65258508973366e-33,1.0
551.0,1,1.508271386859468e-19,1.0
552.0,1,7.669180615973482e-06,0.9999923308193875
553.0,0,1.0,8.609747934136418e-25
554.0,0,0.9999999999974989,2.4913069283855824e-12
555.0,0,0.9999999141086598,8.589134997544328e-08
556.0,1,5.806928555328227e-44,1.0
557.0,1,5.980292968249955e-05,0.9999401970703455
558.0,1,0.003366317649634758,0.9966336823503763
559.0,0,1.0,2.2222968903555096e-15
560.0,1,1.554164333936855e-14,1.0
561.0,1,4.443708949138657e-18,1.0
562.0,1,0.00010293374314798007,0.9998970662568427
563.0,0,1.0,1.138487965862375e-14
564.0,1,8.414009191310437e-25,1.0
565.0,1,5.678682603083619e-09,0.999999994321314
566.0,1,1.4365280130696154e-32,1.0
567.0,1,2.4121297583548824e-08,0.9999999758786945
568.0,1,2.3171211081256665e-08,0.9999999768288037
569.0,1,0.0006053411758256477,0.9993946588241759
570.0,0,0.9898461573987752,0.010153842601229831
571.0,1,1.6024951571998071e-32,1.0
572.0,1,1.237943270776922e-38,1.0
573.0,1,4.2598893587706754e-24,1.0
574.0,0,1.0,4.066939720706536e-19
575.0,1,1.2322626648708585e-11,0.999999999987665
576.0,1,3.3874278339054604e-13,0.9999999999996589
577.0,1,1.0841815883301244e-39,1.0
578.0,0,1.0,1.7736973022604654e-24
579.0,0,0.9940937186174303,0.005906281382572716
580.0,0,0.9999999999999716,3.846729426279436e-14
581.0,1,2.956425534974778e-06,0.9999970435744605
582.0,1,0.12734752781970657,0.872652472180284
583.0,0,0.9999999383607322,6.16392798101227e-08
584.0,0,0.999999999859142,1.4085822285015937e-10
585.0,0,1.0,9.697495303315993e-21
586.0,1,1.768068097404208e-26,1.0
587.0,1,5.480465574778993e-19,1.0
588.0,0,1.0,5.345882048942543e-26
589.0,0,1.0,1.4513582934975444e-23
590.0,1,5.00416525885286e-17,1.0
591.0,0,1.0,3.836641170525724e-24
592.0,1,0.0926284448467738,0.9073715551532373
593.0,1,3.678510853346144e-15,1.0
594.0,1,0.0002875822584172698,0.9997124177415724
595.0,1,4.854924714193386e-24,1.0
596.0,1,2.2426494573799963e-41,1.0
597.0,0,1.0,1.3282575585672656e-32
598.0,1,5.1705883133179845e-18,1.0
599.0,0,0.5632091450168774,0.43679085498313314
600.0,1,9.330292334350364e-15,1.0
601.0,1,1.1990948380420784e-12,0.9999999999988063
602.0,1,6.174679675667077e-21,1.0
603.0,0,0.9999998150628528,1.8493712894800623e-07
604.0,0,0.9228799248706981,0.07712007512930773
605.0,0,1.0,2.6520582732613894e-16
606.0,1,0.041508322281882996,0.9584916777181134
607.0,1,2.343372159863108e-44,1.0
608.0,0,1.0,1.737422926153881e-18
609.0,0,0.999999999969134,3.087501320857572e-11
610.0,0,0.9999992929253039,7.0707467547925e-07
611.0,0,0.9988756673682943,0.001124332631717234
612.0,0,0.9999999997477858,2.5219527347367957e-10
613.0,0,0.9784786542733225,0.021521345726664493
614.0,0,0.9999999999965326,3.4593744847965106e-12
615.0,0,0.9999998983885001,1.0161149656163149e-07
616.0,0,0.999997591211612,2.4087883848640358e-06
617.0,1,0.01855524971825016,0.9814447502817519
618.0,1,5.066545505704346e-15,1.0
619.0,1,8.35038942665877e-17,1.0
620.0,1,5.923187016140021e-45,1.0
621.0,1,5.069585650252079e-30,1.0
622.0,1,1.3351839457440767e-64,1.0
623.0,1,1.1853418567137913e-26,1.0
624.0,0,0.9998225625255635,0.0001774374744266533
625.0,0,1.0,1.2935230222334219e-21
626.0,0,0.9999999999962199,3.778263967777151e-12
627.0,1,3.965067123979303e-08,0.9999999603493287
628.0,1,1.0252524314614454e-41,1.0
629.0,1,0.0018717996606635399,0.9981282003393228
630.0,0,0.9999999999992895,6.975940460399093e-13
631.0,0,0.9999982209370353,1.779062956340382e-06
632.0,1,2.49586088340599e-23,1.0
633.0,1,0.00011209181852253268,0.9998879081814742
634.0,1,0.020413807165887046,0.9795861928341119
635.0,0,1.0,2.1178063422720356e-21
636.0,1,3.434874623275418e-16,1.0
637.0,1,4.917671037431765e-20,1.0
638.0,1,4.168598536848912e-10,0.9999999995831672
639.0,0,0.99999999999892,1.0880891879238485e-12
640.0,0,1.0,3.3840108271274443e-19
641.0,0,0.999999999965155,3.4831969349873324e-11
642.0,1,1.7477546914375386e-07,0.9999998252245217
643.0,0,0.9999620764012522,3.792359874969077e-05
644.0,0,0.9992329490476277,0.0007670509523689757
645.0,0,0.9999988501549029,1.149845086027152e-06
646.0,1,3.4717451822800456e-22,1.0
647.0,0,1.0,1.0571277726428865e-22
648.0,1,5.4780518929573534e-17,1.0
649.0,0,0.9999999999914451,8.549752413238966e-12
650.0,0,0.9999999999997726,2.2390650493513596e-13
651.0,0,1.0,1.5617799641871318e-15
652.0,0,1.0,3.380702704928613e-15
653.0,0,1.0,4.1113594861704903e-20
654.0,1,5.174757532553498e-56,1.0
655.0,1,1.2386069356838454e-13,0.9999999999998863
656.0,0,0.9999999999968736,3.112300659363106e-12
657.0,1,8.258295365492295e-17,1.0
658.0,0,0.9999991920880542,8.079119399730009e-07
659.0,0,0.9999681529972102,3.1847002777478824e-05
660.0,0,1.0,2.7587386531818675e-22
661.0,1,1.6742684066767176e-119,1.0
662.0,0,1.0,1.0543275864124823e-19
663.0,1,1.0600452481682484e-10,0.999999999893987
664.0,0,1.0,2.0288681559451965e-40
665.0,0,1.0,2.885872491154903e-17
666.0,1,1.7742251286551616e-16,1.0
667.0,1,0.00018535962474664345,0.9998146403752453
668.0,1,2.250794717968017e-86,1.0
669.0,0,1.0,1.077229354939487e-16
670.0,0,1.0,2.01417865517775e-24
671.0,0,0.9999999941486521,5.851349132747281e-09
672.0,0,1.0,6.80081150306336e-17
673.0,0,1.0,5.328662531712709e-25
674.0,1,0.00046300269346210107,0.9995369973065261
675.0,0,0.999406886156983,0.0005931138429936471
676.0,1,0.004745384029814287,0.9952546159701839
677.0,1,3.8702507160723e-58,1.0
678.0,0,1.0,6.557084872511584e-27
679.0,0,1.0,8.870922378741911e-31
680.0,1,0.0017085099530207764,0.9982914900469713
681.0,0,1.0,1.5023814121529603e-25
682.0,0,0.9999981631156163,1.8368843776385092e-06
683.0,1,2.545633588122644e-07,0.999999745436615
684.0,1,0.007109107807677597,0.9928908921923397
685.0,1,8.601305909185157e-13,0.9999999999991473
686.0,0,1.0,4.759609664021787e-23
687.0,0,0.999999999693955,3.060612238685197e-10
688.0,1,5.095241030979884e-10,0.999999999490484
689.0,0,1.0,6.164738551029421e-22
690.0,0,0.9999999999978115,2.181499172881252e-12
691.0,1,1.3106858788684498e-13,0.9999999999998863
692.0,0,0.9999999999998863,1.1672709427980218e-13
693.0,1,0.024520829965230747,0.9754791700347814
694.0,0,1.0,1.1362989315036995e-25
695.0,0,0.9998175103843424,0.00018248961564940465
696.0,1,6.371622638932888e-50,1.0
697.0,0,0.9580960614523651,0.04190393854764559
698.0,1,2.250486130680013e-47,1.0
699.0,1,4.708388398407762e-08,0.9999999529161425
700.0,1,2.5426223824753508e-33,1.0
701.0,1,1.3184334455672485e-71,1.0
702.0,0,1.0,3.3575719449619606e-20
703.0,1,2.228704198932182e-08,0.9999999777129462
704.0,1,1.0546927625531005e-09,0.9999999989452988
705.0,1,2.682092453821585e-10,0.9999999997318127
706.0,1,1.0619638232687967e-07,0.9999998938036242
707.0,1,2.708661293116894e-21,1.0
708.0,1,1.6258456337369728e-53,1.0
709.0,1,4.654597860836823e-09,0.9999999953453766
710.0,1,2.990937488726896e-09,0.9999999970090698
711.0,1,5.274809714787898e-66,1.0
712.0,0,1.0,1.8620873378345572e-31
713.0,0,0.9997139786849922,0.0002860213149940599
714.0,1,1.4494518028048674e-42,1.0
715.0,0,0.9999999874059428,1.259406790741315e-08
716.0,1,7.344628361895944e-56,1.0
717.0,1,6.829044969816892e-06,0.9999931709550205
718.0,1,3.2968955673978166e-20,1.0
719.0,1,0.0020564114497380382,0.9979435885502599
720.0,1,1.729545160091275e-66,1.0
721.0,1,2.442735304434377e-22,1.0
722.0,1,0.045495250371595256,0.9545047496284126
723.0,1,1.8179689587044425e-13,0.9999999999998295
724.0,0,0.9953410782320196,0.004658921767990611
725.0,0,1.0,5.538086951295659e-19
726.0,1,5.902761408967567e-33,1.0
727.0,1,7.105031789730179e-14,0.9999999999999432
728.0,1,7.75103707553306e-23,1.0
729.0,1,1.6391097661996327e-17,1.0
730.0,1,0.07127744997331474,0.9287225500266587
731.0,1,1.7379467215033348e-124,1.0
732.0,1,3.166038035469341e-54,1.0
733.0,1,1.4006437966992014e-15,1.0
734.0,1,2.0266205835173373e-07,0.9999997973379414
735.0,0,0.999999995300783,4.699207038720815e-09
736.0,1,6.046738125239657e-11,0.9999999999395186
737.0,1,6.728900837882918e-12,0.9999999999932925
738.0,0,0.9999644161616437,3.558383836091405e-05
739.0,0,0.9999996977342848,3.022657064643605e-07
740.0,1,3.696384898403925e-19,1.0
741.0,1,0.00244490958454206,0.9975550904154715
742.0,1,1.7408358435462035e-10,0.9999999998258886
743.0,1,0.0006526794727877567,0.9993473205272055
744.0,1,2.9979404722972084e-08,0.9999999700205824
745.0,1,6.62582134508539e-26,1.0
746.0,1,0.0009044065170709126,0.9990955934829533
747.0,1,3.7091853857262345e-30,1.0
748.0,1,1.1165895155148063e-18,1.0
749.0,1,0.0020397902729908358,0.997960209727011
750.0,0,0.9864377707026946,0.013562229297298767
751.0,1,1.4547636510246264e-67,1.0
752.0,0,0.99999980538549,1.946145160569793e-07
753.0,1,2.133147018039801e-20,1.0
754.0,0,0.6215727835550509,0.37842721644494465
755.0,0,1.0,5.864806922712698e-29
756.0,0,1.0,1.7788274078895614e-15
757.0,1,1.9953511658615437e-25,1.0
758.0,1,3.2426810746082964e-42,1.0
759.0,0,1.0,1.3324196980143546e-15
760.0,1,1.588931826427705e-07,0.999999841106826
761.0,1,1.9758306539165695e-16,1.0
762.0,0,0.9999941973395706,5.802660435672641e-06
763.0,0,1.0,2.8964634555279805e-23
764.0,1,2.9036870884574164e-16,1.0
765.0,1,4.826711471386441e-18,1.0
766.0,0,0.9955136534794364,0.0044863465205752925
767.0,1,1.8122934908954738e-10,0.9999999998187832
768.0,1,2.1527597605839018e-15,1.0
769.0,1,4.98443865821084e-18,1.0
770.0,0,0.9996399608831246,0.00036003911686172796
771.0,0,0.9999999999905924,9.409241107054212e-12
772.0,1,3.0010471218335176e-20,1.0
773.0,1,4.227900568052229e-21,1.0
774.0,0,0.9995088489201649,0.0004911510798410237
775.0,1,3.376390835706843e-134,1.0
776.0,0,0.9999999255279902,7.447201953383886e-08
777.0,0,0.9999999999661782,3.381911102230618e-11
778.0,1,7.132226321270946e-32,1.0
779.0,1,1.2322631744664651e-44,1.0
780.0,1,3.328947827819099e-10,0.9999999996670965
781.0,0,0.9999999999961062,3.8869418861784625e-12
782.0,1,2.2716790213063886e-25,1.0
783.0,1,1.54188767561614e-08,0.9999999845811091
784.0,1,8.241691359022886e-09,0.9999999917583295
785.0,1,4.9581376636899264e-43,1.0
786.0,1,2.372377571108618e-19,1.0
787.0,1,2.0888730811205078e-23,1.0
788.0,1,1.2773050745208635e-33,1.0
789.0,1,6.800960062879968e-22,1.0
790.0,1,0.00220970419060613,0.9977902958093811
791.0,0,1.0,9.254499205407471e-24
792.0,1,1.8693958440515527e-08,0.9999999813060472
793.0,1,1.897879651885403e-11,0.9999999999810143
794.0,1,1.0570773294042647e-38,1.0
795.0,1,1.3706426840882552e-16,1.0
796.0,1,5.87995357547813e-25,1.0
797.0,0,0.9999999780376927,2.1962303404160506e-08
798.0,0,0.9999999996849454,3.1506046286884034e-10
799.0,0,1.0,7.614931218242611e-18
800.0,0,0.9999959744017443,4.0255982282225104e-06
801.0,1,1.2354341155451824e-18,1.0
802.0,1,9.201545049233918e-07,0.9999990798455057
803.0,0,0.9999999999997726,2.369336216071987e-13
804.0,1,4.7299171556466165e-46,1.0
805.0,1,1.2410614223351923e-26,1.0
806.0,1,6.082607491218992e-20,1.0
807.0,0,1.0,7.425562223252501e-26
808.0,0,1.0,1.3545300437576434e-24
809.0,0,1.0,2.482193337584721e-24
810.0,1,2.0386958371229485e-71,1.0
811.0,0,0.9998629482218339,0.00013705177815956016
812.0,1,2.253858554611028e-13,0.9999999999997726
813.0,1,1.3338522486187177e-20,1.0
814.0,1,3.6666422745971704e-90,1.0
815.0,1,3.108016619246418e-17,1.0
816.0,0,0.9999981385861632,1.861413827631919e-06
817.0,1,4.450333360320781e-06,0.9999955496666195
818.0,1,2.5435399038865746e-64,1.0
819.0,0,0.9999789893791761,2.1010620815686128e-05
820.0,1,3.3114893841765893e-10,0.9999999996688587
821.0,1,3.079860485991241e-08,0.9999999692013835
822.0,1,5.90053561383571e-13,0.9999999999994031
823.0,1,2.650751603442905e-07,0.9999997349248484
824.0,0,1.0,8.662592609981722e-16
825.0,1,1.195364631943703e-13,0.9999999999998863
826.0,0,0.9999999999973568,2.6431291544677723e-12
827.0,0,0.9999999999997158,2.715940295473165e-13
828.0,0,1.0,7.91712369969054e-37
829.0,1,4.2067216224593257e-14,0.9999999999999716
830.0,0,1.0,9.837974514067027e-24
831.0,0,0.9999999999996589,3.399543578142389e-13
832.0,1,4.192358449990502e-14,0.9999999999999432
833.0,0,0.999992675937781,7.324062229637922e-06
834.0,1,0.0003424027387043758,0.9996575972613017
835.0,1,2.6829501129245267e-12,0.9999999999973284
836.0,0,0.9999999146164421,8.538356400161013e-08
837.0,0,0.999999994007112,5.992895329553141e-09
838.0,0,1.0,3.824690541528001e-16
839.0,0,1.0,1.345174798444276e-32
840.0,0,1.0,7.484958798521834e-20
841.0,1,2.3920967523585504e-63,1.0
842.0,0,0.9999999997936868,2.0631942515063695e-10
843.0,0,0.9998605163632948,0.00013948363669916334
844.0,1,2.3781674379803526e-49,1.0
845.0,0,1.0,5.253147750657215e-16
846.0,0,1.0,3.810593642690737e-24
847.0,0,1.0,1.053201635211139e-18
848.0,1,5.529917727708733e-20,1.0
849.0,0,0.9999999878438076,1.2156193277279084e-08
850.0,1,1.7883219286423455e-13,0.9999999999998153
851.0,1,8.534401941314304e-06,0.9999914655980817
852.0,1,9.707325848613917e-19,1.0
853.0,0,1.0,1.0048898661241842e-20
854.0,0,0.999991345399556,8.654600441822626e-06
855.0,0,0.9999999999993179,6.789585120067239e-13
856.0,0,0.9999999999979821,2.0153854235848492e-12
857.0,1,1.837183530455037e-15,1.0
858.0,1,3.402076602706466e-06,0.9999965979234166
859.0,0,1.0,7.004879376481714e-18
860.0,0,1.0,8.044412304306591e-24
861.0,1,5.135742125939985e-47,1.0
862.0,0,0.9997198208998379,0.0002801791001639546
863.0,1,9.372223968793932e-34,1.0
864.0,1,5.919410342969615e-09,0.9999999940805822
865.0,0,0.999849484135138,0.0001505158648512047
866.0,0,0.9934095820842044,0.0065904179157769685
867.0,1,3.4682649124391835e-08,0.999999965317358
868.0,0,1.0,2.760459811192586e-32
869.0,1,9.85758039348353e-14,0.9999999999998863
870.0,1,1.4121143606689604e-39,1.0
871.0,1,2.4013480389546423e-06,0.9999975986519714
872.0,0,1.0,6.69198019068233e-16
873.0,1,1.4329600398784012e-13,0.9999999999998295
874.0,1,2.1291591931589891e-19,1.0
875.0,0,0.9999999999993747,6.353392138225673e-13
876.0,0,1.0,7.456165594103399e-15
877.0,0,0.9999915737704178,8.426229581078612e-06
878.0,0,0.9999994074458464,5.925541624363158e-07
879.0,1,8.326192841233742e-07,0.9999991673807413
880.0,0,0.9999999999996589,3.662804473280817e-13
881.0,1,4.502776216864385e-22,1.0
882.0,0,1.0,1.1018011210304681e-28
883.0,0,1.0,1.0589436538670974e-21
884.0,0,0.5921458583126782,0.4078541416873223
885.0,1,2.0425888404799103e-235,1.0
886.0,1,3.0138802376213093e-18,1.0
887.0,0,0.999994733076051,5.2669239584580096e-06
888.0,0,1.0,1.0421096533604202e-29
889.0,0,0.9999999699873006,3.001270350295529e-08
890.0,1,1.906445137353278e-30,1.0
891.0,1,3.981068753275939e-21,1.0
892.0,0,1.0,2.146356506699802e-19
893.0,1,9.72137806404329e-27,1.0
894.0,1,0.0035449920069645854,0.9964550079930229
895.0,1,3.440842329538578e-19,1.0
896.0,0,0.9985525114927977,0.0014474885072121098
897.0,1,1.093901650906007e-18,1.0
898.0,1,7.173942265980313e-22,1.0
899.0,0,1.0,1.3410315225265166e-25
900.0,1,3.7654729041116665e-19,1.0
901.0,0,1.0,1.281221181362847e-26
902.0,1,6.294458079219418e-11,0.9999999999370743
903.0,0,1.0,1.0160212162803819e-14
904.0,0,1.0,6.392340782434721e-25
905.0,0,1.0,5.0857126516489085e-28
906.0,1,1.768488558450861e-18,1.0
907.0,1,1.1200811310118715e-27,1.0
908.0,0,0.999999999998721,1.2743373345197574e-12
909.0,1,0.06246560383947484,0.9375343961605203
910.0,1,1.3770565112824524e-08,0.9999999862294261
911.0,1,2.935714150460037e-10,0.9999999997064037
912.0,0,1.0,6.132014704326943e-22
913.0,1,1.2154703743538771e-23,1.0
914.0,1,0.0009822356760465908,0.9990177643239626
915.0,0,1.0,3.9507763368897046e-17
916.0,1,0.022051500538147386,0.9779484994618469
917.0,1,2.4495405526269315e-82,1.0
918.0,0,0.9999999324329588,6.75670552538319e-08
919.0,0,1.0,7.733196799474197e-37
920.0,1,1.1738433860428462e-18,1.0
921.0,0,0.9660760351553905,0.03392396484460899
922.0,0,0.9999575860630392,4.241393696293989e-05
923.0,1,2.1600454423545564e-28,1.0
924.0,1,3.731543180579073e-12,0.9999999999962768
925.0,0,1.0,5.38780284797124e-16
926.0,1,2.67603194276687e-16,1.0
927.0,1,7.095144628813073e-37,1.0
928.0,1,9.614265758226066e-07,0.9999990385734424
929.0,0,1.0,3.305245953807952e-15
930.0,1,4.5899804350431875e-08,0.9999999541001908
931.0,0,0.9999999132309407,8.676907024778673e-08
932.0,1,2.9544865531704836e-08,0.9999999704551219
933.0,1,2.1631050751661462e-05,0.9999783689492444
934.0,1,1.826392650926178e-23,1.0
935.0,0,1.0,6.929662280988482e-42
936.0,1,5.022825800046923e-52,1.0
937.0,1,7.337079870896817e-83,1.0
938.0,1,3.1743020207983273e-35,1.0
939.0,0,1.0,1.1803796878038994e-19
940.0,0,0.9996959621322281,0.00030403786776031765
941.0,0,0.9999988870771059,1.112922900908829e-06
942.0,1,6.13568410316482e-27,1.0
943.0,0,1.0,9.642870147186653e-28
944.0,1,8.126896799276322e-15,1.0
945.0,0,1.0,2.392080219056889e-31
946.0,0,0.9942307674221733,0.00576923257782353
947.0,0,1.0,2.1418782264035645e-18
948.0,0,0.9999984491316898,1.550868323683175e-06
949.0,1,0.0481934032178705,0.9518065967821417
950.0,0,1.0,8.723093848683098e-23
951.0,1,3.823403916223694e-06,0.9999961765960612
952.0,1,3.9823624939594835e-48,1.0
953.0,1,4.954585723958836e-95,1.0
954.0,0,0.9999999991687787,8.312176963587137e-10
955.0,0,1.0,1.2859331551389287e-21
956.0,1,1.7591705948890913e-22,1.0
957.0,0,1.0,1.1786841720749388e-15
958.0,1,5.829755105202898e-14,0.9999999999999432
959.0,1,3.952028896617751e-21,1.0
960.0,1,6.108323047309214e-09,0.999999993891663
961.0,1,0.00017426705122484845,0.9998257329487861
962.0,1,1.3755729665679362e-15,1.0
963.0,1,3.090132319155479e-18,1.0
964.0,0,0.9999992737435343,7.262564678797115e-07
965.0,1,2.658784841173511e-09,0.9999999973412059
966.0,0,0.9955780937786177,0.004421906221382213
967.0,0,1.0,4.964078295455553e-31
968.0,0,1.0,5.1874493522921045e-34
969.0,1,4.049346444565899e-05,0.9999595065355337
970.0,1,2.456870216521235e-28,1.0
971.0,0,1.0,9.174589452471392e-41
972.0,0,0.9999999999999716,3.960493176112035e-14
973.0,1,1.2577274066369212e-34,1.0
974.0,0,1.0,1.3530748182258843e-20
975.0,0,1.0,3.369640969329205e-31
976.0,1,0.0023042720171156774,0.9976957279828957
977.0,1,3.0307238223939485e-13,0.9999999999996874
978.0,0,0.999804088619289,0.00019591138072148838
979.0,1,3.827557318159262e-08,0.9999999617244278
980.0,0,0.9999993423844447,6.576155544088578e-07
981.0,0,0.9999999993640927,6.35915779549869e-10
982.0,1,1.1755873236535856e-17,1.0
983.0,0,1.0,4.3097911777579925e-16
984.0,1,3.907410743236897e-14,0.9999999999999716
985.0,1,1.3090157127249587e-07,0.9999998690984256
986.0,1,1.5647102840938593e-24,1.0
987.0,1,2.1194393799285834e-30,1.0
988.0,1,3.932333255819909e-06,0.9999960676667579
989.0,1,0.0005500957824515579,0.9994499042175579
990.0,1,9.762918487081746e-15,1.0
991.0,0,1.0,5.250750527203043e-22
992.0,0,0.999716816207542,0.00028318379245392974
993.0,0,1.0,1.6558246202837396e-17
994.0,1,4.116358593760321e-18,1.0
995.0,0,1.0,9.937294931189222e-17
996.0,0,0.9999999999972147,2.7842066872264274e-12
997.0,0,0.9999997331887941,2.6681119319335944e-07
998.0,1,2.168081072642236e-28,1.0
999.0,1,1.2246753211809298e-13,0.9999999999998863
1000.0,0,1.0,5.397125013154533e-36
1001.0,1,2.183230405722166e-12,0.99999999999784
1002.0,1,1.379335320973046e-12,0.9999999999986358
1003.0,0,1.0,1.2067224682170158e-20
1004.0,0,1.0,1.8690886711976866e-27
1005.0,0,1.0,1.8727616396138872e-16
1006.0,0,1.0,8.840505707927937e-17
1007.0,0,0.9999957365404207,4.263459569106936e-06
1008.0,0,0.9999383952241118,6.160477587692343e-05
1009.0,0,0.9999999958359354,4.164068036153224e-09
1010.0,0,0.9999990045388482,9.954611434854803e-07
1011.0,0,0.9999974269547769,2.573045233851778e-06
1012.0,0,1.0,4.521535847155495e-18
1013.0,0,0.9999999986501393,1.3498530829544692e-09
1014.0,1,8.270247105566105e-10,0.9999999991729851
1015.0,0,1.0,1.0489365116241566e-21
1016.0,1,3.900186923535876e-11,0.9999999999610054
1017.0,1,5.654112349844483e-39,1.0
1018.0,0,1.0,1.0836178086596459e-15
1019.0,0,0.999995932245727,4.06775426138079e-06
1020.0,0,1.0,9.64322335561096e-25
1021.0,0,1.0,2.2765979849443447e-29
1022.0,0,1.0,2.27120789639041e-31
1023.0,1,4.202602082516041e-22,1.0
1024.0,1,1.014504734333314e-29,1.0
1025.0,1,1.5202485987065025e-08,0.999999984797512
1026.0,1,0.12836635452375034,0.8716336454762403
1027.0,0,1.0,2.182692179767498e-27
1028.0,0,1.0,2.6166375773878165e-22
1029.0,0,1.0,3.2359248567448804e-24
1030.0,0,1.0,4.137722770203114e-18
1031.0,1,1.7424272027592365e-12,0.9999999999982663
1032.0,1,0.002248901302142344,0.9977510986978559
1033.0,0,1.0,1.5017745492785546e-16
1034.0,0,1.0,6.35910736793458e-19
1035.0,0,0.999997983368574,2.0166314029343384e-06
1036.0,0,1.0,1.1111493042945735e-32
1037.0,0,0.9999999999227498,7.724345585020551e-11
1038.0,1,1.9315895869721506e-38,1.0
1039.0,0,0.9999999999998863,1.086635407714706e-13
1040.0,0,1.0,7.11491242255703e-38
1041.0,0,0.9999999999999716,1.812036036323718e-14
1042.0,0,1.0,1.598347850718322e-17
1043.0,1,0.0033149628243726486,0.9966850371756225
1044.0,0,1.0,3.065331651649014e-26
1045.0,1,9.140348212643488e-71,1.0
1046.0,0,0.9999999999975842,2.421485901062046e-12
1047.0,0,0.9999490051404112,5.099485956179019e-05
1048.0,1,4.4986002206681106e-13,0.9999999999995453
1049.0,1,6.814781986677394e-30,1.0
1050.0,0,0.9999999921372762,7.86273136293885e-09
1051.0,1,0.0001972089566203529,0.9998027910433855
1052.0,1,3.3160412274151326e-70,1.0
1053.0,0,1.0,7.262306742951945e-22
1054.0,0,0.9968507598920182,0.0031492401079764544
1055.0,1,6.368070688613037e-09,0.999999993631917
1056.0,0,1.0,5.667990318388465e-17
1057.0,1,5.223418906942975e-65,1.0
1058.0,0,0.9999999999962199,3.783259615753593e-12
